"_id","bssid","dayoftheweek","ssid","attractiveness","dateTime","latitude","longitude"
"1","00:78:9e:ff:a4:dc","ter","HomeWirelessLan","1","18-07-2017 at 23:49:48","37.1433","-8.54521"
"2","9c:97:26:e9:b2:cf","ter","MEO-E9B2CF","0","18-07-2017 at 23:49:48","37.1433","-8.54521"
"3","84:94:8c:07:ab:68","ter","ZON-AB60","0","18-07-2017 at 23:49:28","37.1433","-8.5452"
"4","84:94:8c:07:ab:69","ter","NOS_WIFI_Fon","1","18-07-2017 at 23:49:28","37.1433","-8.5452"
"5","00:05:ca:8c:1e:09","ter","NOS_WIFI_Fon","1","18-07-2017 at 13:58:39","37.1434","-8.54494"
"6","00:05:ca:8c:1e:08","ter","ZON-1E00","0","18-07-2017 at 18:41:07","37.1436","-8.54476"
"7","84:94:8c:7a:9d:a9","ter","NOS_WIFI_Fon","0","18-07-2017 at 23:38:05","37.1433","-8.5452"
"8","84:94:8c:7a:9d:a8","ter","ZON-9DA0","0","18-07-2017 at 23:47:48","37.1433","-8.5452"
"9","30:91:8f:53:bd:96","ter","MEO-53BD96","0","18-07-2017 at 21:10:24","37.1433","-8.5452"
"10","32:91:8f:53:bd:97","ter","MEO-WiFi","0","18-07-2017 at 21:10:24","37.1433","-8.5452"
"11","c0:ac:54:f6:41:af","ter","Cabovisao-E4E8","0","18-07-2017 at 21:09:24","37.1434","-8.54523"
"12","4e:5e:0c:30:ef:e9","ter","","0","18-07-2017 at 13:16:51","37.1382","-8.54606"
"13","d4:ca:6d:d7:d4:cb","ter","WiFi Frota Azul 9915","0","18-07-2017 at 08:25:50","37.1432","-8.54523"
"14","00:8c:54:c0:70:c2","ter","ADSLPT-AB20645","0","18-07-2017 at 23:47:48","37.1433","-8.5452"
"15","1c:ab:c0:da:3c:f8","ter","NOS-3CF0","0","18-07-2017 at 23:47:28","37.1433","-8.5452"
"16","1c:ab:c0:da:3c:f9","ter","NOS_WIFI_Fon","0","18-07-2017 at 23:47:28","37.1433","-8.5452"
"17","f0:f2:49:94:03:b8","ter","alfredo","0","18-07-2017 at 13:57:33","37.1434","-8.54517"
"18","f0:f2:49:94:03:b9","ter","NOS_WIFI_Fon","0","18-07-2017 at 13:57:33","37.1434","-8.54517"
"19","48:7b:6b:b5:91:48","ter","Vodafone-B59141","0","18-07-2017 at 18:43:01","37.1435","-8.54554"
"20","a4:2b:b0:b1:1a:47","ter","melissa","0","18-07-2017 at 18:42:07","37.1433","-8.54509"
"21","00:05:ca:6f:4d:c8","ter","ZON-4DC0","0","18-07-2017 at 18:42:07","37.1433","-8.54509"
"22","9c:97:26:7d:39:17","ter","MEO-7D3917","0","18-07-2017 at 13:19:17","37.1427","-8.54446"
"23","e0:b9:e5:b5:af:2b","ter","Bastos","0","18-07-2017 at 18:43:24","37.1435","-8.54554"
"24","30:74:96:97:a6:9d","ter","NOS_Internet_A69D","0","18-07-2017 at 08:49:27","37.1433","-8.54499"
"25","1c:ab:c0:1f:d6:b9","ter","NOS_WIFI_Fon","0","18-07-2017 at 18:41:07","37.1436","-8.54476"
"26","e2:b9:e5:b5:af:2c","ter","MEO-WiFi","0","18-07-2017 at 18:43:24","37.1435","-8.54554"
"27","9e:97:26:11:f9:37","ter","MEO-WiFi","0","18-07-2017 at 18:42:07","37.1433","-8.54509"
"28","00:05:ca:6f:4d:c9","ter","NOS_WIFI_Fon","0","18-07-2017 at 18:42:07","37.1433","-8.54509"
"29","a8:4e:3f:2c:ed:f9","ter","NOS_WIFI_Fon","1","18-07-2017 at 18:42:07","37.1433","-8.54509"
"30","9e:97:26:7d:39:18","ter","MEO-WiFi","0","18-07-2017 at 13:19:17","37.1427","-8.54446"
"31","08:76:ff:04:b3:70","ter","Paulo","0","18-07-2017 at 18:42:07","37.1433","-8.54509"
"32","68:b6:fc:b1:66:f8","ter","FIGUEIRAS","0","18-07-2017 at 08:52:33","37.1431","-8.54483"
"33","00:26:5b:06:b8:d8","ter","Pirilampo","0","18-07-2017 at 08:49:49","37.1431","-8.5449"
"34","00:26:5b:2e:45:c8","ter","WH","0","18-07-2017 at 13:19:17","37.1427","-8.54446"
"35","1c:ab:c0:1f:d6:b8","ter","NOS-D6B0","0","18-07-2017 at 18:41:07","37.1436","-8.54476"
"36","0a:76:ff:04:b3:71","ter","MEO-WiFi","0","18-07-2017 at 18:42:07","37.1433","-8.54509"
"37","68:b6:fc:b1:66:f9","ter","NOS_WIFI_Fon","0","18-07-2017 at 13:19:17","37.1427","-8.54446"
"38","00:26:5b:06:b8:d9","ter","NOS_WIFI_Fon","0","18-07-2017 at 08:49:49","37.1431","-8.5449"
"39","a8:4e:3f:2c:ed:f8","ter","NOS-EDF0","0","18-07-2017 at 18:42:07","37.1433","-8.54509"
"40","48:7b:6b:b5:9d:a4","ter","Vodafone-B59D9B","0","18-07-2017 at 18:41:07","37.1436","-8.54476"
"41","00:26:5b:2e:45:c9","ter","NOS_WIFI_Fon","0","18-07-2017 at 13:58:39","37.1434","-8.54494"
"42","9c:97:26:8e:84:1d","ter","EmaBeatriz","0","18-07-2017 at 13:19:17","37.1427","-8.54446"
"43","4c:5e:0c:31:70:8f","ter","WiFi FROTA AZUL 866","0","18-07-2017 at 13:16:51","37.1382","-8.54606"
"44","d8:fb:5e:02:fd:26","ter","Cabovisao-2AB7","0","18-07-2017 at 13:19:17","37.1427","-8.54446"
"45","00:05:ca:98:be:58","ter","ZON-BE50","0","18-07-2017 at 08:53:14","37.144","-8.54601"
"46","9c:97:26:88:7f:59","ter","MEO-887F59","0","18-07-2017 at 08:53:14","37.144","-8.54601"
"47","a4:b1:e9:6c:92:0d","ter","CANELAS","0","18-07-2017 at 08:53:14","37.144","-8.54601"
"48","a4:b1:e9:d2:df:51","ter","Vodafone-D2DF51","0","18-07-2017 at 13:58:59","37.1435","-8.54493"
"49","00:26:44:77:71:31","ter","Thomson777131","0","18-07-2017 at 13:58:59","37.1435","-8.54493"
"50","54:67:51:a6:c6:18","ter","NOWO-6C613","0","18-07-2017 at 13:59:00","37.1435","-8.54493"
"51","c0:ac:54:f9:16:12","ter","Cabovisao-C31E","0","18-07-2017 at 18:41:07","37.1436","-8.54476"
"52","00:05:ca:98:be:59","ter","NOS_WIFI_Fon","0","18-07-2017 at 08:53:14","37.144","-8.54601"
"53","84:94:8c:08:1a:89","ter","NOS_WIFI_Fon","0","18-07-2017 at 08:53:14","37.144","-8.54601"
"54","a6:b1:e9:6c:92:0e","ter","MEO-WiFi","0","18-07-2017 at 08:53:14","37.144","-8.54601"
"55","9e:97:26:e4:fe:e4","ter","MEO-WiFi","0","18-07-2017 at 08:53:14","37.144","-8.54601"
"56","f0:f2:49:4b:6a:a9","ter","NOS_WIFI_Fon","0","18-07-2017 at 08:53:15","37.144","-8.54601"
"57","9e:97:26:b8:6a:6e","ter","MEO-WiFi","0","18-07-2017 at 08:53:15","37.144","-8.54601"
"58","00:26:5b:85:f5:d9","ter","NOS_WIFI_Fon","1","18-07-2017 at 18:40:36","37.1433","-8.54564"
"59","1c:ab:c0:de:96:28","ter","NOS-9620","0","18-07-2017 at 18:40:36","37.1433","-8.54564"
"60","34:b3:54:df:23:dc","ter","Rede Privada","0","18-07-2017 at 13:58:59","37.1435","-8.54493"
"61","bc:14:01:73:b8:e8","ter","ZON-B8E0","0","18-07-2017 at 18:40:36","37.1433","-8.54564"
"62","9c:97:26:d6:bd:f7","ter","MEO-D6BDF7","0","18-07-2017 at 08:53:38","37.1426","-8.54585"
"63","9c:97:26:d4:d0:5d","ter","MEO-D4D05D","0","18-07-2017 at 08:53:15","37.144","-8.54601"
"64","1c:8e:5c:f1:df:17","ter","Quinta","0","18-07-2017 at 18:40:36","37.1433","-8.54564"
"65","1c:ab:c0:de:96:29","ter","NOS_WIFI_Fon","0","18-07-2017 at 18:40:36","37.1433","-8.54564"
"66","bc:14:01:73:b8:e9","ter","NOS_WIFI_Fon","0","18-07-2017 at 18:40:36","37.1433","-8.54564"
"67","9e:97:26:d6:bd:f8","ter","MEO-WiFi","0","18-07-2017 at 08:53:38","37.1426","-8.54585"
"68","64:77:7d:2a:56:e9","ter","NOS_WIFI_Fon","0","18-07-2017 at 13:59:43","37.1432","-8.54566"
"69","4c:5e:0c:03:89:b5","ter","WiFi MUNDIAL TURISMO 266","0","18-07-2017 at 08:56:25","37.153","-8.54342"
"70","d0:72:dc:a9:db:40","ter","WiFree-CEPSA","0","18-07-2017 at 18:35:10","37.1511","-8.54086"
"71","f4:dc:f9:31:12:bd","ter","RN-net","0","18-07-2017 at 08:56:25","37.153","-8.54342"
"72","14:cc:20:d2:41:72","ter","TP-LINK_POCKET_3020_D24172","0","18-07-2017 at 08:56:25","37.153","-8.54342"
"73","98:de:d0:ba:4d:fa","ter","TP-LINK_4DFA","0","18-07-2017 at 08:56:25","37.153","-8.54342"
"74","00:78:9e:ff:93:f4","ter","Cabovisao-87C6","0","18-07-2017 at 08:56:25","37.153","-8.54342"
"75","0c:47:3d:09:d8:69","ter","NOS_WIFI_Fon","0","18-07-2017 at 08:56:25","37.153","-8.54342"
"76","00:05:ca:7e:cb:19","ter","NOS_WIFI_Fon","0","18-07-2017 at 08:56:25","37.153","-8.54342"
"77","00:fc:8d:ba:f8:99","ter","NOS_WIFI_Fon","0","18-07-2017 at 08:56:25","37.153","-8.54342"
"78","00:05:ca:7e:14:a9","ter","NOS_WIFI_Fon","0","18-07-2017 at 08:56:25","37.153","-8.54342"
"79","84:94:8c:0d:ef:69","ter","NOS_WIFI_Fon","0","18-07-2017 at 08:56:25","37.153","-8.54342"
"80","ac:cf:85:bc:b4:d8","ter","MEO-BCB4D8","0","18-07-2017 at 08:57:05","37.1526","-8.54931"
"81","e0:b9:e5:d5:e0:35","ter","Crossfit Portimao","0","18-07-2017 at 08:57:05","37.1526","-8.54931"
"82","a4:b1:e9:7a:c7:35","ter","MEO-7AC735","0","18-07-2017 at 08:57:05","37.1526","-8.54931"
"83","84:d4:7e:8b:4c:41","ter","GSC-DN","0","18-07-2017 at 08:57:31","37.1532","-8.55107"
"84","84:d4:7e:8b:4c:40","ter","GSC","0","18-07-2017 at 08:57:31","37.1532","-8.55107"
"85","30:91:8f:06:0c:d5","ter","ADSLPT-TR060CD5","0","18-07-2017 at 09:04:50","37.1531","-8.55112"
"86","10:fe:ed:c5:bf:99","ter","TP-LINK_AP_C5BF99","0","18-07-2017 at 18:33:42","37.155","-8.55184"
"87","84:d4:7e:8b:4c:42","ter","GSC-Guest","0","18-07-2017 at 08:57:31","37.1532","-8.55107"
"88","00:24:17:6a:ae:f5","ter","engidraulica","0","18-07-2017 at 08:58:00","37.1537","-8.55266"
"89","58:98:35:be:01:01","ter","AUTO_ARRANCADA","0","18-07-2017 at 18:33:14","37.1548","-8.55292"
"90","70:5a:0f:68:8d:51","ter","HP-Print-51-Officejet Pro 6830","0","18-07-2017 at 18:33:14","37.1548","-8.55292"
"91","00:24:17:a0:f6:6c","ter","JBS-Wifi","0","18-07-2017 at 09:02:22","37.1549","-8.55292"
"92","66:2a:a2:a2:70:e4","ter","adportimao","0","18-07-2017 at 18:27:52","37.1533","-8.55108"
"93","00:05:ca:8d:3e:08","ter","ZON-3E00","0","18-07-2017 at 09:05:17","37.1522","-8.5512"
"94","00:05:ca:8d:3e:09","ter","NOS_WIFI_Fon","0","18-07-2017 at 09:05:17","37.1522","-8.5512"
"95","00:05:ca:64:b3:98","ter","ZON-B390","0","18-07-2017 at 09:05:17","37.1522","-8.5512"
"96","00:05:ca:64:b3:99","ter","NOS_WIFI_Fon","0","18-07-2017 at 09:05:17","37.1522","-8.5512"
"97","54:67:51:a6:c1:25","ter","NOWO-6C120","0","18-07-2017 at 09:05:41","37.1505","-8.55114"
"98","00:15:70:7d:3f:ae","ter","Unknown","0","18-07-2017 at 09:06:41","37.1459","-8.54913"
"99","4c:f9:5d:8a:23:78","ter","Vodafone-8A236F","0","18-07-2017 at 09:06:41","37.1459","-8.54913"
"100","00:27:22:c2:e0:a7","ter","","0","18-07-2017 at 09:07:10","37.1445","-8.54889"
"101","00:fc:8d:68:cb:c8","ter","NOS-CBC0","0","18-07-2017 at 09:07:10","37.1445","-8.54889"
"102","84:94:8c:a4:ec:a8","ter","NOS-ECA0","0","18-07-2017 at 09:07:10","37.1445","-8.54889"
"103","84:94:8c:a4:ec:a9","ter","NOS_WIFI_Fon","0","18-07-2017 at 09:07:11","37.1445","-8.54889"
"104","bc:4d:fb:4f:33:d9","ter","NOS_WIFI_Fon","0","18-07-2017 at 09:07:11","37.1445","-8.54889"
"105","00:23:5d:0c:9e:30","ter","minedu","0","18-07-2017 at 09:07:40","37.1434","-8.54846"
"106","00:05:ca:a6:2c:c9","ter","NOS_WIFI_Fon","1","18-07-2017 at 09:09:20","37.1409","-8.54341"
"107","00:05:ca:a6:2c:c8","ter","ZON-2CC0 duarte","0","18-07-2017 at 09:09:20","37.1409","-8.54341"
"108","00:05:ca:b0:8e:b8","ter","ZON-8EB0","0","18-07-2017 at 09:08:59","37.1409","-8.54415"
"109","00:05:ca:b0:8e:b9","ter","NOS_WIFI_Fon","0","18-07-2017 at 09:08:59","37.1409","-8.54415"
"110","58:98:35:7b:f5:21","ter","MEO-Mendes","0","18-07-2017 at 09:09:20","37.1409","-8.54341"
"111","5a:98:35:7b:f5:22","ter","MEO-WiFi","0","18-07-2017 at 09:09:20","37.1409","-8.54341"
"112","84:94:8c:7b:9b:18","ter","ZON-9B10","0","18-07-2017 at 09:09:20","37.1409","-8.54341"
"113","54:25:ea:01:c0:21","ter","NOS_Internet_C021","0","18-07-2017 at 09:09:20","37.1409","-8.54341"
"114","00:fc:8d:bb:ab:58","ter","NOS-AB50","0","18-07-2017 at 09:09:20","37.1409","-8.54341"
"115","84:94:8c:7b:9b:19","ter","NOS_WIFI_Fon","0","18-07-2017 at 09:09:20","37.1409","-8.54341"
"116","a6:b1:e9:f3:c6:a2","ter","MEO-WiFi","0","18-07-2017 at 09:09:20","37.1409","-8.54341"
"117","a8:4e:3f:2f:76:29","ter","NOS_WIFI_Fon","1","18-07-2017 at 18:23:26","37.1414","-8.54338"
"118","a8:4e:3f:2c:b5:98","ter","NOS-B590","0","18-07-2017 at 18:23:26","37.1414","-8.54338"
"119","a8:4e:3f:2f:76:28","ter","NOS-7620","0","18-07-2017 at 18:23:26","37.1414","-8.54338"
"120","9c:97:26:9e:68:67","ter","MEO-9E6867","0","18-07-2017 at 17:50:57","37.1406","-8.54311"
"121","b4:b5:2f:4e:b9:31","ter","PCSWFPTM","0","18-07-2017 at 18:23:26","37.1414","-8.54338"
"122","c4:ea:1d:18:6a:9f","ter","MEO-186A9F","0","18-07-2017 at 17:50:27","37.1393","-8.54264"
"123","c0:d9:62:08:32:75","ter","Nuno Santos","0","18-07-2017 at 17:50:57","37.1406","-8.54311"
"124","f8:1a:67:e1:b5:78","ter","TP-LINK_E1B578","0","18-07-2017 at 18:23:26","37.1414","-8.54338"
"125","c6:ea:1d:18:6a:a0","ter","MEO-WiFi","0","18-07-2017 at 17:50:27","37.1393","-8.54264"
"126","5a:98:35:b9:d3:46","ter","MEO-WiFi","0","18-07-2017 at 09:10:11","37.1411","-8.54357"
"127","9e:97:26:9e:68:68","ter","MEO-WiFi","0","18-07-2017 at 17:50:57","37.1406","-8.54311"
"128","84:94:8c:05:e2:a9","ter","NOS_WIFI_Fon","0","18-07-2017 at 18:23:26","37.1414","-8.54338"
"129","c2:d9:62:08:32:76","ter","MEO-WiFi","0","18-07-2017 at 17:50:57","37.1406","-8.54311"
"130","84:94:8c:09:38:58","ter","ZON-3850","0","18-07-2017 at 09:09:45","37.1411","-8.54355"
"131","84:94:8c:09:38:59","ter","NOS_WIFI_Fon","0","18-07-2017 at 09:09:45","37.1411","-8.54355"
"132","a8:4e:3f:2c:b5:99","ter","NOS_WIFI_Fon","0","18-07-2017 at 18:23:26","37.1414","-8.54338"
"133","58:98:35:b9:d3:45","ter","MEO-CARRILHO","0","18-07-2017 at 09:10:11","37.1411","-8.54357"
"134","a4:b1:e9:f2:3d:d4","ter","FILIPE","0","18-07-2017 at 09:10:32","37.1411","-8.54338"
"135","9c:97:26:45:e2:77","ter","MEO-45E277","0","18-07-2017 at 09:10:32","37.1411","-8.54338"
"136","c4:ea:1d:3e:bd:d7","ter","MEO-3EBDD7","0","18-07-2017 at 09:10:32","37.1411","-8.54338"
"137","00:05:ca:74:4e:98","ter","ZON-4E90","0","18-07-2017 at 09:10:53","37.1404","-8.53941"
"138","20:3d:b2:1c:bb:20","ter","Vodafone-1CBB17","0","18-07-2017 at 09:10:32","37.1411","-8.54338"
"139","84:94:8c:a7:b0:69","ter","NOS_WIFI_Fon","1","18-07-2017 at 18:21:58","37.1417","-8.53966"
"140","68:b6:fc:8e:3a:f8","ter","ZON-3AF0","0","18-07-2017 at 09:10:53","37.1404","-8.53941"
"141","f0:f2:49:50:0d:28","ter","NOS-0D20","0","18-07-2017 at 09:10:54","37.1404","-8.53941"
"142","20:3d:b2:2f:3f:c0","ter","Vodafone-2F3FBA","0","18-07-2017 at 09:10:54","37.1404","-8.53941"
"143","00:1f:9f:90:c0:f9","ter","Thomson062FA1","0","18-07-2017 at 09:10:54","37.1404","-8.53941"
"144","a4:b1:e9:bd:59:b9","ter","Bulldog'sHome","0","18-07-2017 at 09:10:54","37.1404","-8.53941"
"145","1c:ab:c0:cb:8c:a8","ter","NOS-8CA0","0","18-07-2017 at 09:10:54","37.1404","-8.53941"
"146","00:78:9e:fb:bc:8e","ter","Cabovisao-9376","0","18-07-2017 at 09:10:54","37.1404","-8.53941"
"147","84:94:8c:05:ee:c8","ter","ZON-EEC0","0","18-07-2017 at 09:10:54","37.1404","-8.53941"
"148","68:b6:fc:8e:3a:f9","ter","NOS_WIFI_Fon","0","18-07-2017 at 09:10:54","37.1404","-8.53941"
"149","f0:f2:49:50:0d:29","ter","NOS_WIFI_Fon","0","18-07-2017 at 09:10:54","37.1404","-8.53941"
"150","00:05:ca:74:4e:99","ter","NOS_WIFI_Fon","0","18-07-2017 at 09:10:54","37.1404","-8.53941"
"151","1c:ab:c0:cb:8c:a9","ter","NOS_WIFI_Fon","0","18-07-2017 at 09:10:54","37.1404","-8.53941"
"152","84:94:8c:05:ee:c9","ter","NOS_WIFI_Fon","0","18-07-2017 at 09:10:54","37.1404","-8.53941"
"153","84:94:8c:f0:75:68","ter","NOS-7560","0","18-07-2017 at 09:10:54","37.1404","-8.53941"
"154","1c:ab:c0:1e:20:d8","ter","NOS-20D0","0","18-07-2017 at 09:10:54","37.1404","-8.53941"
"155","bc:4d:fb:4f:1c:e8","ter","NOS-1CE0","0","18-07-2017 at 09:10:54","37.1404","-8.53941"
"156","00:1f:9f:05:87:7f","ter","Konstantinopla","0","18-07-2017 at 09:10:54","37.1404","-8.53941"
"157","84:94:8c:a7:b0:68","ter","sucesso","0","18-07-2017 at 18:21:58","37.1417","-8.53966"
"158","36:69:87:71:82:39","ter","IurisInternet","0","18-07-2017 at 09:10:54","37.1404","-8.53941"
"159","84:94:8c:f0:75:69","ter","NOS_WIFI_Fon","0","18-07-2017 at 09:10:54","37.1404","-8.53941"
"160","bc:4d:fb:4f:1c:e9","ter","NOS_WIFI_Fon","0","18-07-2017 at 09:10:54","37.1404","-8.53941"
"161","e2:b9:e5:68:d5:f4","ter","MEO-WiFi","0","18-07-2017 at 09:10:54","37.1404","-8.53941"
"162","1c:ab:c0:1e:20:d9","ter","NOS_WIFI_Fon","0","18-07-2017 at 09:10:55","37.1404","-8.53941"
"163","30:91:8f:02:f8:95","ter","Vodafone-Any","0","18-07-2017 at 09:11:20","37.1402","-8.53946"
"164","84:94:8c:04:4f:b8","ter","ZON-4FB0","0","18-07-2017 at 09:11:20","37.1402","-8.53946"
"165","bc:4d:fb:53:2b:68","ter","NOS-2B60","0","18-07-2017 at 09:11:20","37.1402","-8.53946"
"166","00:24:17:4c:ec:1b","ter","Thomson0B6974","0","18-07-2017 at 09:11:40","37.1395","-8.53863"
"167","1c:ab:c0:da:b4:28","ter","NOS-B420","0","18-07-2017 at 09:11:20","37.1402","-8.53946"
"168","f0:f2:49:c6:88:38","ter","NOS-8830","0","18-07-2017 at 09:11:20","37.1402","-8.53946"
"169","84:16:f9:66:4d:ca","ter","Beto Fitness Club","0","18-07-2017 at 09:11:40","37.1395","-8.53863"
"170","80:16:f9:66:4d:ca","ter","TP-LINK_GUEST_4DCA","0","18-07-2017 at 09:11:40","37.1395","-8.53863"
"171","58:98:35:56:f4:d9","ter","MEO-56F4D9","0","18-07-2017 at 09:11:20","37.1402","-8.53946"
"172","e0:b9:e5:d4:96:f3","ter","Fiscaljovem","0","18-07-2017 at 09:12:42","37.137","-8.54019"
"173","50:67:f0:a1:c2:80","ter","SAPO-ZL24616","0","18-07-2017 at 09:12:21","37.1373","-8.54034"
"174","84:94:8c:04:4f:b9","ter","NOS_WIFI_Fon","0","18-07-2017 at 09:11:20","37.1402","-8.53946"
"175","bc:4d:fb:53:2b:69","ter","NOS_WIFI_Fon","0","18-07-2017 at 09:11:20","37.1402","-8.53946"
"176","1c:ab:c0:da:b4:29","ter","NOS_WIFI_Fon","0","18-07-2017 at 09:11:20","37.1402","-8.53946"
"177","f0:f2:49:c6:88:39","ter","NOS_WIFI_Fon","0","18-07-2017 at 09:11:20","37.1402","-8.53946"
"178","00:05:ca:64:32:89","ter","NOS_WIFI_Fon","0","18-07-2017 at 09:11:20","37.1402","-8.53946"
"179","5a:98:35:56:f4:da","ter","MEO-WiFi","0","18-07-2017 at 09:11:20","37.1402","-8.53946"
"180","bc:14:01:aa:7c:f9","ter","NOS_WIFI_Fon","0","18-07-2017 at 09:11:20","37.1402","-8.53946"
"181","84:94:8c:a2:69:88","ter","csm1ptm","0","18-07-2017 at 09:11:20","37.1402","-8.53946"
"182","0c:47:3d:10:db:78","ter","ZON-DB70","0","18-07-2017 at 09:11:20","37.1402","-8.53946"
"183","bc:4d:fb:51:f5:c8","ter","NOS-F5C0","0","18-07-2017 at 09:11:20","37.1402","-8.53946"
"184","70:4d:7b:4e:d9:ce","ter","csm1ptm","0","18-07-2017 at 09:11:20","37.1402","-8.53946"
"185","00:fc:8d:bf:0e:98","ter","NOS-0E90","0","18-07-2017 at 09:11:20","37.1402","-8.53946"
"186","84:94:8c:a2:69:89","ter","NOS_WIFI_Fon","0","18-07-2017 at 09:11:20","37.1402","-8.53946"
"187","0c:47:3d:10:db:79","ter","NOS_WIFI_Fon","0","18-07-2017 at 09:11:20","37.1402","-8.53946"
"188","bc:4d:fb:51:f5:c9","ter","NOS_WIFI_Fon","0","18-07-2017 at 09:11:20","37.1402","-8.53946"
"189","f0:f2:49:c9:da:e9","ter","NOS_WIFI_Fon","0","18-07-2017 at 09:11:20","37.1402","-8.53946"
"190","6c:c2:17:55:d0:5e","ter","HP-Print-5E-Officejet Pro 8610","0","18-07-2017 at 09:12:42","37.137","-8.54019"
"191","9c:97:26:d6:2d:25","ter","MEO-D62D25","0","18-07-2017 at 09:12:42","37.137","-8.54019"
"192","00:05:ca:b5:d0:e8","ter","Cruz Vermelha Portuguesa","0","18-07-2017 at 09:12:21","37.1373","-8.54034"
"193","84:94:8c:69:02:f8","ter","ZON-02F0","0","18-07-2017 at 09:12:21","37.1373","-8.54034"
"194","e0:b9:e5:ae:01:bd","ter","MEO-AE01BD","0","18-07-2017 at 09:12:21","37.1373","-8.54034"
"195","9e:97:26:d6:2d:26","ter","MEO-WiFi","0","18-07-2017 at 09:12:42","37.137","-8.54019"
"196","00:05:ca:b5:d0:e9","ter","NOS_WIFI_Fon","0","18-07-2017 at 09:12:21","37.1373","-8.54034"
"197","84:94:8c:69:02:f9","ter","NOS_WIFI_Fon","0","18-07-2017 at 09:12:21","37.1373","-8.54034"
"198","e2:b9:e5:ae:01:be","ter","MEO-WiFi","0","18-07-2017 at 09:12:21","37.1373","-8.54034"
"199","9c:97:26:f1:b0:13","ter","MEO-F1B013","0","18-07-2017 at 09:12:42","37.137","-8.54019"
"200","e0:b9:e5:da:be:cf","ter","","0","18-07-2017 at 09:12:21","37.1373","-8.54034"
"201","84:94:8c:aa:33:08","ter","NOS-3300","0","18-07-2017 at 09:12:42","37.137","-8.54019"
"202","64:77:7d:ee:19:a8","ter","NOS-19A0","0","18-07-2017 at 09:12:42","37.137","-8.54019"
"203","9e:97:26:f1:b0:14","ter","MEO-WiFi","0","18-07-2017 at 09:12:42","37.137","-8.54019"
"204","1c:ab:c0:da:74:69","ter","NOS_WIFI_Fon","0","18-07-2017 at 09:12:42","37.137","-8.54019"
"205","18:a6:f7:7e:62:ed","ter","ZON-7ED0","0","18-07-2017 at 09:12:42","37.137","-8.54019"
"206","00:26:5b:37:7e:d8","ter","ZON-7ED0","0","18-07-2017 at 09:12:42","37.137","-8.54019"
"207","58:98:35:7b:13:8d","ter","MEO-7B138D","0","18-07-2017 at 09:12:42","37.137","-8.54019"
"208","10:13:31:1f:b6:85","ter","ALGARVE74","0","18-07-2017 at 09:12:42","37.137","-8.54019"
"209","00:26:5b:37:7e:d9","ter","NOS_WIFI_Fon","0","18-07-2017 at 09:12:42","37.137","-8.54019"
"210","a8:4e:3f:33:1c:c9","ter","NOS_WIFI_Fon","1","18-07-2017 at 17:46:13","37.1341","-8.53932"
"211","00:05:ca:66:1d:49","ter","NOS_WIFI_Fon","0","18-07-2017 at 09:12:42","37.137","-8.54019"
"212","00:fc:8d:67:5f:e9","ter","NOS_WIFI_Fon","0","18-07-2017 at 09:12:42","37.137","-8.54019"
"213","bc:4d:fb:52:f9:99","ter","NOS_WIFI_Fon","0","18-07-2017 at 09:12:42","37.137","-8.54019"
"214","bc:4d:fb:4e:dd:49","ter","NOS_WIFI_Fon","0","18-07-2017 at 09:12:42","37.137","-8.54019"
"215","84:94:8c:a9:d4:09","ter","NOS_WIFI_Fon","0","18-07-2017 at 09:16:14","37.1367","-8.53942"
"216","0c:47:3d:0b:b9:b8","ter","ZON-B9B0","0","18-07-2017 at 17:46:33","37.1364","-8.53932"
"217","9c:97:26:4c:e3:a1","ter","Borges","0","18-07-2017 at 17:46:13","37.1341","-8.53932"
"218","a8:4e:3f:33:1c:c8","ter","easygest","0","18-07-2017 at 17:46:13","37.1341","-8.53932"
"219","00:05:ca:a2:21:88","ter","ARADE SEGUROS","0","18-07-2017 at 17:45:46","37.1364","-8.53932"
"220","14:cc:20:65:03:26","ter","TP-LINK_650326","0","18-07-2017 at 14:04:49","37.1364","-8.53977"
"221","00:15:6d:fc:d5:97","ter","Portimonense","0","18-07-2017 at 17:47:24","37.1341","-8.53932"
"222","9e:97:26:4c:e3:a2","ter","MEO-WiFi","0","18-07-2017 at 17:46:13","37.1341","-8.53932"
"223","0c:47:3d:0b:b9:b9","ter","NOS_WIFI_Fon","0","18-07-2017 at 17:46:33","37.1364","-8.53932"
"224","00:05:ca:a2:21:89","ter","NOS_WIFI_Fon","0","18-07-2017 at 17:45:46","37.1364","-8.53932"
"225","00:26:5b:48:1b:c9","ter","NOS_WIFI_Fon","1","18-07-2017 at 17:48:14","37.1341","-8.53932"
"226","00:26:5b:48:1b:c8","ter","ZON-1BC0","0","18-07-2017 at 17:48:14","37.1341","-8.53932"
"227","bc:14:01:a8:2a:78","ter","ZON-2A70","0","18-07-2017 at 17:48:14","37.1341","-8.53932"
"228","00:05:ca:71:10:a8","ter","ZON-10A0","0","18-07-2017 at 13:13:04","37.1456","-8.54138"
"229","b4:ee:b4:36:f2:72","ter","Cabovisao-BA7B","0","18-07-2017 at 14:03:15","37.1357","-8.54125"
"230","a4:b1:e9:d2:bf:11","ter","Henrique","0","18-07-2017 at 13:13:30","37.1456","-8.54138"
"231","00:05:ca:71:10:a9","ter","NOS_WIFI_Fon","0","18-07-2017 at 13:13:04","37.1456","-8.54138"
"232","00:25:86:c6:17:4e","ter","Fixtecnic 2","0","18-07-2017 at 17:48:38","37.1341","-8.53932"
"233","84:94:8c:9e:e3:78","ter","ZON-E370","0","18-07-2017 at 14:02:50","37.1354","-8.54135"
"234","84:94:8c:9e:e3:79","ter","NOS_WIFI_Fon","0","18-07-2017 at 14:02:51","37.1354","-8.54135"
"235","bc:14:01:a8:2a:79","ter","NOS_WIFI_Fon","0","18-07-2017 at 17:48:14","37.1341","-8.53932"
"236","f0:f2:49:c5:c6:18","ter","NOS-C610","0","18-07-2017 at 17:47:50","37.1341","-8.53932"
"237","a4:71:74:48:a1:f4","ter","MEO-48A1F4","0","18-07-2017 at 13:14:53","37.1456","-8.54138"
"238","00:fc:8d:6c:ea:68","ter","NOS-EA60","0","18-07-2017 at 17:47:24","37.1341","-8.53932"
"239","c4:ea:1d:4f:ef:07","ter","Andre Pisco Fotografia","0","18-07-2017 at 13:13:30","37.1456","-8.54138"
"240","18:a6:f7:c0:c5:a0","ter","NOS-C610","0","18-07-2017 at 09:13:53","37.1355","-8.54114"
"241","c6:ea:1d:4f:ef:08","ter","MEO-WiFi","0","18-07-2017 at 13:13:30","37.1456","-8.54138"
"242","32:91:8f:eb:a4:e4","ter","MEO-WiFi","0","18-07-2017 at 14:03:16","37.1357","-8.54125"
"243","c0:ac:54:f8:6a:48","ter","Cabovisao-6F4E","0","18-07-2017 at 17:47:50","37.1341","-8.53932"
"244","84:16:f9:ff:06:06","ter","TP-LINK_FF0606","0","18-07-2017 at 17:47:50","37.1341","-8.53932"
"245","30:91:8f:eb:a4:e3","ter","Fixtecnic","0","18-07-2017 at 14:03:16","37.1357","-8.54125"
"246","ec:8e:b5:b9:4e:41","ter","DIRECT-40-HP OfficeJet 4650","0","18-07-2017 at 17:47:02","37.1341","-8.53932"
"247","00:15:6d:b0:aa:41","ter","Portimonense","0","18-07-2017 at 17:46:33","37.1364","-8.53932"
"248","00:90:0e:01:f8:82","ter","ZyXEL","0","18-07-2017 at 17:47:02","37.1341","-8.53932"
"249","84:16:f9:8e:e5:96","ter","TP-LINK_E596","0","18-07-2017 at 14:04:49","37.1364","-8.53977"
"250","08:76:ff:08:ce:5c","ter","MEO-08CE5C","0","18-07-2017 at 17:46:33","37.1364","-8.53932"
"251","00:8c:54:c7:0f:f2","ter","ADSLPT-AB54613","0","18-07-2017 at 09:14:35","37.1365","-8.54048"
"252","e0:b9:e5:a7:71:39","ter","MEO-FAVA","0","18-07-2017 at 09:14:35","37.1365","-8.54048"
"253","00:26:5b:49:64:09","ter","NOS_WIFI_Fon","0","18-07-2017 at 17:46:34","37.1364","-8.53932"
"254","00:15:6d:9a:3f:0b","ter","Portimonense","0","18-07-2017 at 09:14:35","37.1365","-8.54048"
"255","e2:b9:e5:a7:71:3a","ter","MEO-WiFi","0","18-07-2017 at 09:14:35","37.1365","-8.54048"
"256","2c:44:fd:d3:e3:66","ter","HP-Print-66-Officejet 6700","0","18-07-2017 at 14:04:49","37.1364","-8.53977"
"257","c4:ea:1d:53:62:b5","ter","MEO-5362B5","0","18-07-2017 at 17:46:34","37.1364","-8.53932"
"258","c6:ea:1d:53:62:b6","ter","MEO-WiFi","0","18-07-2017 at 17:46:34","37.1364","-8.53932"
"259","00:05:ca:8c:4a:99","ter","NOS_WIFI_Fon","0","18-07-2017 at 17:46:34","37.1364","-8.53932"
"260","00:26:5b:49:64:08","ter","ZON-6400","0","18-07-2017 at 17:46:33","37.1364","-8.53932"
"261","30:91:8f:eb:14:6f","ter","MEO-EB146F","0","18-07-2017 at 14:04:49","37.1364","-8.53977"
"262","28:f3:66:c3:7f:cd","ter","XLT-116379-CLLNZ","0","18-07-2017 at 09:16:13","37.1367","-8.53942"
"263","c0:ac:54:f6:7a:94","ter","Cabovisao-0010","0","18-07-2017 at 17:46:13","37.1341","-8.53932"
"264","f0:f2:49:d8:ff:68","ter","NOS-FF60","0","18-07-2017 at 17:45:46","37.1364","-8.53932"
"265","f0:f2:49:d8:ff:69","ter","NOS_WIFI_Fon","0","18-07-2017 at 17:44:59","37.1358","-8.53829"
"266","08:76:ff:88:4c:90","ter","MEO-884C90","0","18-07-2017 at 17:46:13","37.1341","-8.53932"
"267","00:1f:9f:3e:e2:0b","ter","ThomsonE31AA2","0","18-07-2017 at 17:44:59","37.1358","-8.53829"
"268","c4:ea:1d:50:7d:9d","ter","MEO-507D9D","0","18-07-2017 at 09:15:47","37.1365","-8.5401"
"269","30:91:8f:36:7c:91","ter","RES","0","18-07-2017 at 17:46:13","37.1341","-8.53932"
"270","9c:97:26:89:d7:2b","ter","MEO-89D72B","0","18-07-2017 at 17:46:13","37.1341","-8.53932"
"271","00:26:5b:1c:e7:49","ter","NOS_WIFI_Fon","0","18-07-2017 at 09:15:47","37.1365","-8.5401"
"272","00:26:5b:4a:8b:d9","ter","NOS_WIFI_Fon","0","18-07-2017 at 09:15:47","37.1365","-8.5401"
"273","c6:ea:1d:50:7d:9e","ter","MEO-WiFi","0","18-07-2017 at 09:15:47","37.1365","-8.5401"
"274","fc:15:b4:a7:2c:8c","ter","HP-Print-8C-Officejet Pro 8600","0","18-07-2017 at 17:46:13","37.1341","-8.53932"
"275","a8:4e:3f:2b:ca:68","ter","NOS-CA60","0","18-07-2017 at 17:45:20","37.1358","-8.53829"
"276","00:26:5b:4a:8b:d8","ter","ZON-8BD0","0","18-07-2017 at 09:15:47","37.1365","-8.5401"
"277","f0:ab:54:19:bd:e0","ter","WiFi Hotspot 2813","0","18-07-2017 at 09:16:13","37.1367","-8.53942"
"278","00:05:ca:d7:4b:88","ter","SMC","0","18-07-2017 at 13:11:14","37.1456","-8.54138"
"279","a8:4e:3f:2b:ca:69","ter","NOS_WIFI_Fon","0","18-07-2017 at 17:45:20","37.1358","-8.53829"
"280","84:94:8c:a3:5c:29","ter","NOS_WIFI_Fon","0","18-07-2017 at 09:15:47","37.1365","-8.5401"
"281","00:05:ca:d7:4b:89","ter","NOS_WIFI_Fon","0","18-07-2017 at 13:11:14","37.1456","-8.54138"
"282","84:94:8c:a9:d4:08","ter","NOS-D400","0","18-07-2017 at 09:16:13","37.1367","-8.53942"
"283","a4:b1:e9:af:3f:b1","ter","MARIA","0","18-07-2017 at 14:05:41","37.1367","-8.53921"
"284","e0:b9:e5:a8:92:77","ter","MEO-A89277","0","18-07-2017 at 13:10:45","37.1456","-8.54138"
"285","22:27:22:cf:a4:a0","ter","CMP User","0","18-07-2017 at 17:44:58","37.1358","-8.53829"
"286","84:94:8c:a4:8c:98","ter","NOS-8C90","0","18-07-2017 at 17:44:58","37.1358","-8.53829"
"287","00:26:5b:0b:93:d8","ter","ZON-93D0","0","18-07-2017 at 13:10:45","37.1456","-8.54138"
"288","00:26:5b:1b:24:68","ter","ZON-2460","0","18-07-2017 at 17:45:20","37.1358","-8.53829"
"289","58:98:35:38:74:ff","ter","AMORADS","0","18-07-2017 at 17:44:59","37.1358","-8.53829"
"290","5c:35:3b:59:dd:a5","ter","NOWO-9DDA0","0","18-07-2017 at 14:05:15","37.1364","-8.53938"
"291","58:98:35:7f:72:41","ter","TELEPAC","0","18-07-2017 at 17:44:58","37.1358","-8.53829"
"292","bc:14:01:a5:e7:a8","ter","ZON-E7A0","0","18-07-2017 at 17:45:20","37.1358","-8.53829"
"293","28:27:bf:0c:25:f1","ter","lhcen nich","0","18-07-2017 at 10:11:42","37.1456","-8.54138"
"294","e2:b9:e5:a8:92:78","ter","MEO-WiFi","0","18-07-2017 at 13:10:45","37.1456","-8.54138"
"295","00:26:5b:1b:24:69","ter","NOS_WIFI_Fon","1","18-07-2017 at 17:45:20","37.1358","-8.53829"
"296","84:94:8c:a4:8c:99","ter","NOS_WIFI_Fon","0","18-07-2017 at 17:44:58","37.1358","-8.53829"
"297","00:26:5b:0b:93:d9","ter","NOS_WIFI_Fon","0","18-07-2017 at 13:10:45","37.1456","-8.54138"
"298","ee:9f:db:83:98:3f","ter","CMP Privado","0","18-07-2017 at 17:41:43","37.1358","-8.53829"
"299","02:27:22:cf:a4:a0","ter","CMP Publico","0","18-07-2017 at 17:44:58","37.1358","-8.53829"
"300","84:94:8c:66:ec:08","ter","ZON-EC00","0","18-07-2017 at 17:44:58","37.1358","-8.53829"
"301","de:9f:db:83:98:3f","ter","CMP Publico","0","18-07-2017 at 17:26:30","37.1366","-8.53726"
"302","00:fc:8d:bd:61:08","ter","CyNaiLs","0","18-07-2017 at 17:44:31","37.1358","-8.53829"
"303","12:27:22:cf:a4:a0","ter","CMP Privado","0","18-07-2017 at 17:44:58","37.1358","-8.53829"
"304","98:de:d0:b9:3e:46","ter","TP-LINK_3E46","0","18-07-2017 at 17:43:18","37.1358","-8.53829"
"305","9c:97:26:48:94:33","ter","Amor as Fatias1","0","18-07-2017 at 17:44:31","37.1358","-8.53829"
"306","00:05:ca:d8:9c:38","ter","ZON-9C30","0","18-07-2017 at 17:43:45","37.1358","-8.53829"
"307","08:76:ff:84:8a:25","ter","Thomson848A25","0","18-07-2017 at 17:44:31","37.1358","-8.53829"
"308","00:fc:8d:bd:61:09","ter","NOS_WIFI_Fon","0","18-07-2017 at 17:44:31","37.1358","-8.53829"
"309","bc:14:01:a5:e7:a9","ter","NOS_WIFI_Fon","0","18-07-2017 at 17:45:20","37.1358","-8.53829"
"310","00:05:ca:d8:9c:39","ter","NOS_WIFI_Fon","0","18-07-2017 at 17:44:59","37.1358","-8.53829"
"311","00:fc:8d:68:fd:58","ter","halcon","0","18-07-2017 at 17:44:31","37.1358","-8.53829"
"312","84:94:8c:66:ec:09","ter","NOS_WIFI_Fon","0","18-07-2017 at 17:44:58","37.1358","-8.53829"
"313","00:fc:8d:68:fd:59","ter","NOS_WIFI_Fon","0","18-07-2017 at 17:44:31","37.1358","-8.53829"
"314","58:98:35:55:5e:df","ter","MiniSom","0","18-07-2017 at 17:43:44","37.1358","-8.53829"
"315","84:94:8c:7d:df:f8","ter","ZON-DFF0","0","18-07-2017 at 17:43:45","37.1358","-8.53829"
"316","f0:f2:49:d7:ed:18","ter","NOS-ED10","0","18-07-2017 at 17:44:31","37.1358","-8.53829"
"317","84:94:8c:7d:df:f9","ter","NOS_WIFI_Fon","0","18-07-2017 at 09:17:07","37.137","-8.53853"
"318","f0:f2:49:d7:ed:19","ter","NOS_WIFI_Fon","0","18-07-2017 at 17:43:45","37.1358","-8.53829"
"319","84:94:8c:f4:7e:b9","ter","NOS_WIFI_Fon","1","18-07-2017 at 14:06:29","37.1365","-8.53864"
"320","82:2a:a8:94:6b:b5","ter","CMP Privado","0","18-07-2017 at 17:42:55","37.1358","-8.53829"
"321","84:5b:12:4e:72:9a","ter","MiniSom_Shop","0","18-07-2017 at 14:06:54","37.1366","-8.53839"
"322","84:94:8c:f4:7e:b8","ter","NOS-7EB0","0","18-07-2017 at 14:06:28","37.1365","-8.53864"
"323","9c:97:26:cc:68:55","ter","KALAHARY","0","18-07-2017 at 09:17:27","37.137","-8.53853"
"324","10:fe:ed:8a:18:44","ter","TP-LINK_8A1844","0","18-07-2017 at 14:06:54","37.1366","-8.53839"
"325","50:68:0a:16:47:81","ter","HOTSPOT-MSCAR","0","18-07-2017 at 14:06:54","37.1366","-8.53839"
"326","84:94:8c:67:cd:28","ter","ZON-CD20","0","18-07-2017 at 14:06:54","37.1366","-8.53839"
"327","00:26:5b:f5:bc:58","ter","ZON-BC50","0","18-07-2017 at 09:17:51","37.137","-8.53853"
"328","00:26:5b:f5:bc:59","ter","NOS_WIFI_Fon","0","18-07-2017 at 09:17:51","37.137","-8.53853"
"329","bc:14:01:aa:c6:59","ter","NOS_WIFI_Fon","0","18-07-2017 at 09:17:51","37.137","-8.53853"
"330","bc:14:01:aa:c6:58","ter","ZON-C650","0","18-07-2017 at 09:17:51","37.137","-8.53853"
"331","58:98:35:58:00:cf","ter","CLIPRO","0","18-07-2017 at 09:17:51","37.137","-8.53853"
"332","12:27:22:cf:a2:4a","ter","CMP Privado","0","18-07-2017 at 09:19:12","37.1456","-8.54138"
"333","02:27:22:cf:a2:4a","ter","CMP Publico","0","18-07-2017 at 14:07:48","37.1366","-8.53862"
"334","22:27:22:cf:a2:4a","ter","CMP User","0","18-07-2017 at 14:06:54","37.1366","-8.53839"
"335","22:27:22:55:40:62","ter","CMP User","0","18-07-2017 at 14:07:48","37.1366","-8.53862"
"336","12:27:22:55:40:62","ter","CMP Privado","0","18-07-2017 at 14:07:48","37.1366","-8.53862"
"337","92:2a:a8:94:6b:b5","ter","CMP User","0","18-07-2017 at 17:42:55","37.1358","-8.53829"
"338","64:66:b3:de:a8:9c","ter","TP-LINK_DEA89C","0","18-07-2017 at 14:07:48","37.1366","-8.53862"
"339","80:2a:a8:94:6b:b5","ter","CMP Publico","0","18-07-2017 at 17:42:55","37.1358","-8.53829"
"340","cc:fd:17:80:c8:f6","ter","NOS_Internet_Movel_C8F6","0","18-07-2017 at 17:42:30","37.1358","-8.53829"
"341","00:e0:3c:30:f3:e7","ter","Connectify-H_Raqui","0","18-07-2017 at 17:42:55","37.1358","-8.53829"
"342","36:69:87:b6:26:87","ter","MEO-B62687","0","18-07-2017 at 17:44:31","37.1358","-8.53829"
"343","0c:47:3d:0a:31:f9","ter","NOS_WIFI_Fon","0","18-07-2017 at 13:07:32","37.1456","-8.54138"
"344","0c:47:3d:0a:31:f8","ter","ZON-31F0","0","18-07-2017 at 13:07:32","37.1456","-8.54138"
"345","a8:a6:68:4f:51:bb","ter","MEO-4F51BB","0","18-07-2017 at 10:04:04","37.1456","-8.54138"
"346","fe:9f:db:83:98:3f","ter","CMP User","0","18-07-2017 at 17:46:13","37.1341","-8.53932"
"347","36:69:87:c1:e6:c6","ter","MEO-C1E6C6","0","18-07-2017 at 10:56:58","37.1456","-8.54138"
"348","ec:1d:7f:f3:d2:50","ter","NOS_Internet_Movel_F3D250","0","18-07-2017 at 11:29:43","37.1456","-8.54138"
"349","70:18:8b:f4:0d:dc","ter","DIRECT-OADESKTOP-652R1VTmsHL","0","18-07-2017 at 15:03:42","37.1366","-8.53726"
"350","08:76:ff:01:a8:72","ter","CLARA","0","18-07-2017 at 17:44:59","37.1358","-8.53829"
"351","38:22:9d:bc:75:5c","ter","Central-Skate-Store","0","18-07-2017 at 17:44:58","37.1358","-8.53829"
"352","d0:5b:a8:31:95:14","ter","VodafoneMobileWiFi-319514","0","18-07-2017 at 14:06:28","37.1365","-8.53864"
"353","9c:97:26:46:06:7b","ter","MEO-46067B","0","18-07-2017 at 13:10:18","37.1456","-8.54138"
"354","a4:b1:e9:d9:68:73","ter","SANTANA","0","18-07-2017 at 13:11:14","37.1456","-8.54138"
"355","d8:fb:5e:02:f4:7a","ter","Cabovisao-FADB","0","18-07-2017 at 17:45:20","37.1358","-8.53829"
"356","a6:b1:e9:d9:68:74","ter","MEO-WiFi","0","18-07-2017 at 13:11:14","37.1456","-8.54138"
"357","a4:b1:e9:d8:ea:e5","ter","SORRISO_FACIL","0","18-07-2017 at 17:45:46","37.1364","-8.53932"
"358","ec:08:6b:3e:f4:c3","ter","MEO-507D9D","0","18-07-2017 at 13:12:08","37.1456","-8.54138"
"359","84:26:15:c0:ce:14","ter","ADSLPT-AB21751","0","18-07-2017 at 17:46:33","37.1364","-8.53932"
"360","00:26:5b:bc:f9:08","ter","ZON-F900","0","18-07-2017 at 17:46:33","37.1364","-8.53932"
"361","00:05:ca:7a:fc:28","ter","ZON-FC20","0","18-07-2017 at 13:11:41","37.1456","-8.54138"
"362","00:26:5b:bc:f9:09","ter","NOS_WIFI_Fon","0","18-07-2017 at 13:11:41","37.1456","-8.54138"
"363","00:05:ca:7a:fc:29","ter","NOS_WIFI_Fon","0","18-07-2017 at 14:04:49","37.1364","-8.53977"
"364","fc:3f:db:26:0b:6f","ter","HP-Print-6F-Officejet Pro 8620","0","18-07-2017 at 13:12:08","37.1456","-8.54138"
"365","e0:b9:e5:b3:89:cd","ter","MEO-B389CD","0","18-07-2017 at 13:13:04","37.1456","-8.54138"
"366","e2:b9:e5:b3:89:ce","ter","MEO-WiFi","0","18-07-2017 at 13:13:04","37.1456","-8.54138"
"367","c4:ea:1d:50:2e:fb","ter","MEO-502EFB","0","18-07-2017 at 17:47:50","37.1341","-8.53932"
"368","c6:ea:1d:50:2e:fc","ter","MEO-WiFi","0","18-07-2017 at 17:47:50","37.1341","-8.53932"
"369","58:98:35:59:af:9d","ter","MEO-59AF9D","0","18-07-2017 at 17:48:38","37.1341","-8.53932"
"370","a4:b1:e9:a8:da:7f","ter","MEO-A8DA7F","0","18-07-2017 at 17:48:38","37.1341","-8.53932"
"371","bc:4d:fb:51:fd:88","ter","NOS-FD80","0","18-07-2017 at 13:14:53","37.1456","-8.54138"
"372","a6:b1:e9:a8:da:80","ter","MEO-WiFi","0","18-07-2017 at 17:48:38","37.1341","-8.53932"
"373","bc:4d:fb:51:fd:89","ter","FON_ZON_FREE_INTERNET","0","18-07-2017 at 13:14:53","37.1456","-8.54138"
"374","f0:f2:49:97:de:d8","ter","NOS-DED0","0","18-07-2017 at 17:49:02","37.1351","-8.54"
"375","f0:f2:49:97:de:d9","ter","FON_ZON_FREE_INTERNET","0","18-07-2017 at 17:49:02","37.1351","-8.54"
"376","9e:97:26:f1:7e:9e","ter","MEO-WiFi","0","18-07-2017 at 13:15:19","37.1456","-8.54138"
"377","f0:f2:49:59:ea:38","ter","NOS-EA30","0","18-07-2017 at 13:15:19","37.1456","-8.54138"
"378","a4:b1:e9:aa:9b:91","ter","ADVOGADOS","0","18-07-2017 at 17:48:38","37.1341","-8.53932"
"379","f0:f2:49:59:ea:39","ter","NOS_WIFI_Fon","0","18-07-2017 at 13:15:19","37.1456","-8.54138"
"380","a6:b1:e9:aa:9b:92","ter","MEO-WiFi","0","18-07-2017 at 17:48:38","37.1341","-8.53932"
"381","54:b8:0a:7c:97:4b","ter","Solvet clientes","0","18-07-2017 at 17:49:03","37.1351","-8.54"
"382","0c:47:3d:0d:b4:98","ter","ZON-B490","0","18-07-2017 at 13:15:19","37.1456","-8.54138"
"383","d4:6e:0e:9a:e4:98","ter","DISCOVER PORTUGAL","0","18-07-2017 at 17:49:03","37.1351","-8.54"
"384","30:91:8f:45:8a:05","ter","MEO-458A05","0","18-07-2017 at 13:15:19","37.1456","-8.54138"
"385","00:26:5b:16:ae:78","ter","ZON-AE70","0","18-07-2017 at 17:49:02","37.1351","-8.54"
"386","54:67:51:a5:a5:ba","ter","NOWO-5A5B5","0","18-07-2017 at 13:15:19","37.1456","-8.54138"
"387","1c:ab:c0:cd:28:58","ter","NOS-2850","0","18-07-2017 at 17:49:02","37.1351","-8.54"
"388","0c:47:3d:0a:22:a8","ter","ZON-22A0","0","18-07-2017 at 13:15:19","37.1456","-8.54138"
"389","e0:b9:e5:b5:d8:79","ter","MEO-B5D879","0","18-07-2017 at 17:49:03","37.1351","-8.54"
"390","9c:97:26:f1:7e:9d","ter","MEO-F17E9D","0","18-07-2017 at 13:15:19","37.1456","-8.54138"
"391","00:26:5b:2f:eb:b8","ter","","0","18-07-2017 at 17:49:03","37.1351","-8.54"
"392","1c:ab:c0:1e:89:08","ter","NOS-8900","0","18-07-2017 at 13:15:19","37.1456","-8.54138"
"393","00:05:ca:6a:6b:68","ter","ZON-6B60","0","18-07-2017 at 13:15:19","37.1456","-8.54138"
"394","1c:ab:c0:cd:28:59","ter","NOS_WIFI_Fon","0","18-07-2017 at 17:49:02","37.1351","-8.54"
"395","00:26:5b:16:ae:79","ter","NOS_WIFI_Fon","0","18-07-2017 at 17:49:02","37.1351","-8.54"
"396","32:91:8f:45:8a:06","ter","MEO-WiFi","0","18-07-2017 at 13:15:19","37.1456","-8.54138"
"397","0c:47:3d:0d:b4:99","ter","NOS_WIFI_Fon","0","18-07-2017 at 14:02:28","37.1361","-8.54278"
"398","0c:47:3d:0a:22:a9","ter","NOS_WIFI_Fon","0","18-07-2017 at 13:15:20","37.1456","-8.54138"
"399","00:26:5b:2f:eb:b9","ter","NOS_WIFI_Fon","0","18-07-2017 at 17:49:03","37.1351","-8.54"
"400","1c:ab:c0:1e:89:09","ter","NOS_WIFI_Fon","0","18-07-2017 at 13:15:20","37.1456","-8.54138"
"401","00:05:ca:6a:6b:69","ter","NOS_WIFI_Fon","0","18-07-2017 at 13:15:20","37.1456","-8.54138"
"402","f0:f2:49:c5:86:19","ter","NOS_WIFI_Fon","0","18-07-2017 at 13:15:20","37.1456","-8.54138"
"403","00:05:ca:c4:51:59","ter","NOS_WIFI_Fon","0","18-07-2017 at 13:15:20","37.1456","-8.54138"
"404","bc:14:01:a5:d7:09","ter","NOS_WIFI_Fon","0","18-07-2017 at 13:15:20","37.1456","-8.54138"
"405","84:94:8c:ed:b5:b8","ter","NOS-B5B0","0","18-07-2017 at 13:15:50","37.1359","-8.54381"
"406","c4:ea:1d:44:af:91","ter","MEO-44AF91","0","18-07-2017 at 13:15:50","37.1359","-8.54381"
"407","a8:4e:3f:2d:7e:28","ter","NOS-7E20","0","18-07-2017 at 13:15:50","37.1359","-8.54381"
"408","c4:ea:1d:19:c4:a9","ter","MEO-19C4A9","0","18-07-2017 at 13:15:50","37.1359","-8.54381"
"409","a4:b1:e9:c2:8f:41","ter","MEO-C28F41","0","18-07-2017 at 13:15:50","37.1359","-8.54381"
"410","9c:97:26:dd:bf:43","ter","sequeira","0","18-07-2017 at 13:15:50","37.1359","-8.54381"
"411","9c:97:26:f1:5f:df","ter","MEO-F15FDF","0","18-07-2017 at 13:15:50","37.1359","-8.54381"
"412","f0:f2:49:d7:69:08","ter","NOS-6900","0","18-07-2017 at 13:15:50","37.1359","-8.54381"
"413","9c:97:26:7d:ad:f6","ter","MEO-7DADF6","0","18-07-2017 at 13:15:50","37.1359","-8.54381"
"414","84:94:8c:a5:b5:d8","ter","NOS-B5D0","0","18-07-2017 at 14:02:27","37.1361","-8.54278"
"415","64:77:7d:2b:f5:98","ter","NOS-F590","0","18-07-2017 at 13:15:50","37.1359","-8.54381"
"416","00:05:ca:6f:14:38","ter","ZON-1430","0","18-07-2017 at 13:15:50","37.1359","-8.54381"
"417","84:94:8c:ed:b5:b9","ter","NOS_WIFI_Fon","0","18-07-2017 at 14:02:27","37.1361","-8.54278"
"418","9e:97:26:f1:61:22","ter","MEO-WiFi","0","18-07-2017 at 13:15:50","37.1359","-8.54381"
"419","a8:4e:3f:2d:7e:29","ter","NOS_WIFI_Fon","0","18-07-2017 at 13:15:50","37.1359","-8.54381"
"420","c6:ea:1d:19:c4:aa","ter","MEO-WiFi","0","18-07-2017 at 13:15:50","37.1359","-8.54381"
"421","9e:97:26:dd:bf:44","ter","MEO-WiFi","0","18-07-2017 at 13:15:50","37.1359","-8.54381"
"422","c6:ea:1d:44:af:92","ter","MEO-WiFi","0","18-07-2017 at 13:15:50","37.1359","-8.54381"
"423","c6:ea:1d:4c:d9:0a","ter","MEO-WiFi","0","18-07-2017 at 13:15:50","37.1359","-8.54381"
"424","84:94:8c:a5:b5:d9","ter","NOS_WIFI_Fon","0","18-07-2017 at 13:15:50","37.1359","-8.54381"
"425","9e:97:26:f1:5f:e0","ter","MEO-WiFi","0","18-07-2017 at 13:15:50","37.1359","-8.54381"
"426","00:05:ca:6f:14:39","ter","NOS_WIFI_Fon","0","18-07-2017 at 13:15:50","37.1359","-8.54381"
"427","64:77:7d:2b:f5:99","ter","NOS_WIFI_Fon","0","18-07-2017 at 13:15:50","37.1359","-8.54381"
"428","98:de:d0:d6:23:74","ter","TP-LINK_2374","0","18-07-2017 at 13:16:21","37.1352","-8.54546"
"429","84:94:8c:a2:0c:a8","ter","NOS-0CA0","0","18-07-2017 at 13:16:21","37.1352","-8.54546"
"430","84:94:8c:a2:0c:a9","ter","NOS_WIFI_Fon","0","18-07-2017 at 13:16:21","37.1352","-8.54546"
"431","c4:6e:1f:e8:da:be","ter","monteirosNet","0","18-07-2017 at 13:16:51","37.1382","-8.54606"
"432","00:05:ca:70:a9:88","ter","ZON-A980","0","18-07-2017 at 18:23:57","37.1419","-8.54428"
"433","1c:ab:c0:ef:76:98","ter","NOS-7690","0","18-07-2017 at 13:17:49","37.142","-8.54446"
"434","00:05:ca:70:a9:89","ter","NOS_WIFI_Fon","0","18-07-2017 at 18:23:57","37.1419","-8.54428"
"435","e0:b9:e5:53:1d:55","ter","MEO-5887D55","0","18-07-2017 at 18:40:36","37.1433","-8.54564"
"436","e0:b9:e5:69:de:4f","ter","MEO-69DE4F","0","18-07-2017 at 13:18:47","37.143","-8.54563"
"437","00:24:17:43:3a:d8","ter","Thomson017CC6","0","18-07-2017 at 13:18:47","37.143","-8.54563"
"438","e2:b9:e5:53:1d:56","ter","MEO-WiFi","0","18-07-2017 at 13:59:20","37.1438","-8.54566"
"439","e2:b9:e5:69:de:50","ter","MEO-WiFi","0","18-07-2017 at 13:18:47","37.143","-8.54563"
"440","32:91:8f:40:44:d4","ter","MEO-WiFi","0","18-07-2017 at 13:18:47","37.143","-8.54563"
"441","84:26:15:c3:ae:b4","ter","ADSLPT-AB10327","0","18-07-2017 at 13:19:17","37.1427","-8.54446"
"442","c4:ea:1d:ef:24:0b","ter","MEO-EF240B","0","18-07-2017 at 13:59:00","37.1435","-8.54493"
"443","c6:ea:1d:ef:24:0c","ter","MEO-WiFi","0","18-07-2017 at 13:59:00","37.1435","-8.54493"
"444","00:24:98:9b:a5:f0","ter","minedu","0","18-07-2017 at 13:19:48","37.1433","-8.54485"
"445","30:91:8f:03:aa:a1","ter","Vodafone-03AAA1","0","18-07-2017 at 18:42:38","37.1434","-8.54539"
"446","00:05:ca:9d:6b:08","ter","ZON-6B00","0","18-07-2017 at 18:40:36","37.1433","-8.54564"
"447","9c:97:26:46:1d:ad","ter","MEO-461DAD","0","18-07-2017 at 18:42:07","37.1433","-8.54509"
"448","00:05:ca:9d:6b:09","ter","NOS_WIFI_Fon","0","18-07-2017 at 18:40:36","37.1433","-8.54564"
"449","9e:97:26:46:1d:ae","ter","MEO-WiFi","0","18-07-2017 at 18:42:07","37.1433","-8.54509"
"450","00:26:44:73:34:34","ter","MEO-GMCC","0","18-07-2017 at 18:43:24","37.1435","-8.54554"
"451","d0:5b:a8:f8:a7:b1","ter","VodafoneMobileWiFi-F8A7B1","0","18-07-2017 at 18:43:24","37.1435","-8.54554"
"452","30:e1:71:1c:00:cb","ter","DIRECT-CA-HP OfficeJet Pro 6960","0","18-07-2017 at 18:43:24","37.1435","-8.54554"
"453","0c:47:3d:15:20:c8","ter","ZON-20C0","0","18-07-2017 at 21:10:44","37.1433","-8.5452"
"454","58:98:35:8e:9b:7d","ter","Rosinha","0","18-07-2017 at 13:58:59","37.1435","-8.54493"
"455","20:3d:b2:1d:33:94","ter","Vodafone-Gemeos","0","18-07-2017 at 13:58:59","37.1435","-8.54493"
"456","c4:ea:1d:1e:89:17","ter","MEO-1E8917","0","18-07-2017 at 18:41:07","37.1436","-8.54476"
"457","5a:98:35:8e:9b:7e","ter","MEO-WiFi","0","18-07-2017 at 13:58:59","37.1435","-8.54493"
"458","f0:f2:49:4d:7c:08","ter","NOS-7C00","0","18-07-2017 at 13:58:59","37.1435","-8.54493"
"459","a4:b1:e9:6a:53:05","ter","MEO-3BD4ED","0","18-07-2017 at 13:58:59","37.1435","-8.54493"
"460","30:91:8f:3d:17:65","ter","NetHome","0","18-07-2017 at 13:58:59","37.1435","-8.54493"
"461","48:d5:39:91:85:f0","ter","VDF-SSRR-9185E9","0","18-07-2017 at 13:58:59","37.1435","-8.54493"
"462","38:4c:4f:50:97:84","ter","Vodafone-50977C","0","18-07-2017 at 13:58:59","37.1435","-8.54493"
"463","a4:b1:e9:eb:17:72","ter","MEO-EB1772","0","18-07-2017 at 13:58:59","37.1435","-8.54493"
"464","02:26:44:77:71:32","ter","MEO-WiFi","0","18-07-2017 at 13:58:59","37.1435","-8.54493"
"465","f0:f2:49:4d:7c:09","ter","NOS_WIFI_Fon","0","18-07-2017 at 13:58:59","37.1435","-8.54493"
"466","f0:f2:49:cb:35:09","ter","NOS_WIFI_Fon","0","18-07-2017 at 13:58:59","37.1435","-8.54493"
"467","1c:ab:c0:ef:a5:d8","ter","NOS-A5D0","0","18-07-2017 at 13:59:00","37.1435","-8.54493"
"468","bc:14:01:a8:19:58","ter","ZON-1950","0","18-07-2017 at 13:59:00","37.1435","-8.54493"
"469","f0:f2:49:d8:db:98","ter","casa","0","18-07-2017 at 13:59:00","37.1435","-8.54493"
"470","9e:d2:1e:bd:ae:9f","ter","DIRECT-z4-BRAVIA","0","18-07-2017 at 13:59:00","37.1435","-8.54493"
"471","00:26:5b:85:f5:d8","ter","ZON-F5D0","0","18-07-2017 at 18:40:36","37.1433","-8.54564"
"472","e0:b9:e5:53:fa:e5","ter","MNREP","0","18-07-2017 at 13:59:00","37.1435","-8.54493"
"473","f0:f2:49:cb:35:08","ter","NOS-3500","0","18-07-2017 at 13:59:00","37.1435","-8.54493"
"474","30:91:8f:00:8a:3d","ter","Vodafone-008A3D","0","18-07-2017 at 13:59:00","37.1435","-8.54493"
"475","1c:ab:c0:ef:a5:d9","ter","NOS_WIFI_Fon","0","18-07-2017 at 13:59:00","37.1435","-8.54493"
"476","f0:f2:49:d8:db:99","ter","NOS_WIFI_Fon","0","18-07-2017 at 13:59:00","37.1435","-8.54493"
"477","bc:14:01:a8:19:59","ter","NOS_WIFI_Fon","0","18-07-2017 at 13:59:00","37.1435","-8.54493"
"478","32:91:8f:3d:17:66","ter","MEO-WiFi","0","18-07-2017 at 13:59:00","37.1435","-8.54493"
"479","9e:97:26:e3:ed:46","ter","MEO-WiFi","0","18-07-2017 at 13:59:00","37.1435","-8.54493"
"480","e2:b9:e5:53:fa:e6","ter","MEO-WiFi","0","18-07-2017 at 13:59:00","37.1435","-8.54493"
"481","78:8d:f7:04:ec:09","ter","NOS_WIFI_Fon","0","18-07-2017 at 13:59:00","37.1435","-8.54493"
"482","84:94:8c:f4:85:18","ter","NOS-8510","0","18-07-2017 at 13:59:00","37.1435","-8.54493"
"483","58:98:35:7c:cb:e1","ter","Casa","0","18-07-2017 at 13:59:00","37.1435","-8.54493"
"484","bc:14:01:1a:19:48","ter","ZON-1940","0","18-07-2017 at 13:59:00","37.1435","-8.54493"
"485","28:be:03:87:e0:26","ter","NOS_Internet_Movel_E026","0","18-07-2017 at 13:59:00","37.1435","-8.54493"
"486","00:05:ca:72:a7:f8","ter","ZON-A7F0","0","18-07-2017 at 13:59:00","37.1435","-8.54493"
"487","9c:97:26:db:8a:b9","ter","MEO-DB8AB9","0","18-07-2017 at 13:59:00","37.1435","-8.54493"
"488","a4:b1:e9:4f:9c:60","ter","MEO-ED110B","0","18-07-2017 at 13:59:00","37.1435","-8.54493"
"489","68:b6:fc:5b:2e:f8","ter","ZON-2EF0","0","18-07-2017 at 13:59:00","37.1435","-8.54493"
"490","84:94:8c:f4:85:19","ter","NOS_WIFI_Fon","1","18-07-2017 at 13:59:20","37.1438","-8.54566"
"491","bc:14:01:1a:19:49","ter","NOS_WIFI_Fon","0","18-07-2017 at 13:59:00","37.1435","-8.54493"
"492","a6:b1:e9:4f:9c:61","ter","MEO-WiFi","0","18-07-2017 at 13:59:00","37.1435","-8.54493"
"493","9e:97:26:db:8a:ba","ter","MEO-WiFi","0","18-07-2017 at 13:59:00","37.1435","-8.54493"
"494","00:26:5b:21:5d:59","ter","NOS_WIFI_Fon","1","18-07-2017 at 18:40:36","37.1433","-8.54564"
"495","e0:b9:e5:ae:4d:73","ter","moonshapes2","0","18-07-2017 at 13:59:20","37.1438","-8.54566"
"496","a8:4e:3f:2b:c4:68","ter","NOS-C460","0","18-07-2017 at 13:59:20","37.1438","-8.54566"
"497","54:67:51:a6:dc:29","ter","NOWO-6DC24","0","18-07-2017 at 21:09:44","37.1434","-8.54528"
"498","e0:ca:94:72:1b:81","ter","Casa","0","18-07-2017 at 13:59:20","37.1438","-8.54566"
"499","00:05:ca:a1:eb:09","ter","NOS_WIFI_Fon","0","18-07-2017 at 18:42:07","37.1433","-8.54509"
"500","a8:4e:3f:2b:c4:69","ter","NOS_WIFI_Fon","0","18-07-2017 at 13:59:20","37.1438","-8.54566"
"501","e2:ca:94:72:1b:82","ter","MEO-WiFi","0","18-07-2017 at 13:59:20","37.1438","-8.54566"
"502","f0:f2:49:c9:13:28","ter","","0","18-07-2017 at 13:59:43","37.1432","-8.54566"
"503","00:05:ca:a2:0a:88","ter","ZON-0A80","0","18-07-2017 at 13:59:43","37.1432","-8.54566"
"504","e4:8d:8c:b4:0a:63","ter","KEOS","0","18-07-2017 at 13:59:43","37.1432","-8.54566"
"505","f0:f2:49:c9:13:29","ter","NOS_WIFI_Fon","0","18-07-2017 at 18:40:36","37.1433","-8.54564"
"506","00:05:ca:a2:0a:89","ter","NOS_WIFI_Fon","0","18-07-2017 at 18:42:07","37.1433","-8.54509"
"507","32:91:8f:46:5b:94","ter","MEO-WiFi","0","18-07-2017 at 18:40:36","37.1433","-8.54564"
"508","c6:ea:1d:0f:9f:f0","ter","MEO-WiFi","0","18-07-2017 at 13:59:43","37.1432","-8.54566"
"509","64:77:7d:2a:56:e8","ter","NOS-56E0","0","18-07-2017 at 13:59:43","37.1432","-8.54566"
"510","00:05:ca:9f:15:48","ter","ZON-1540","0","18-07-2017 at 13:59:43","37.1432","-8.54566"
"511","c4:ea:1d:0f:9f:ef","ter","MEO-0F9FEF","0","18-07-2017 at 13:59:43","37.1432","-8.54566"
"512","30:91:8f:46:5b:93","ter","MEO-465B93","0","18-07-2017 at 18:42:07","37.1433","-8.54509"
"513","c4:ea:1d:49:86:7f","ter","MEO-49867F","0","18-07-2017 at 18:40:36","37.1433","-8.54564"
"514","00:05:ca:9f:15:49","ter","NOS_WIFI_Fon","0","18-07-2017 at 13:59:43","37.1432","-8.54566"
"515","f0:f2:49:4d:c6:c8","ter","NOS-C6C0","0","18-07-2017 at 14:00:06","37.1416","-8.54618"
"516","f0:f2:49:4d:c6:c9","ter","NOS_WIFI_Fon","0","18-07-2017 at 14:00:06","37.1416","-8.54618"
"517","84:94:8c:65:7e:78","ter","ZON-7E70","0","18-07-2017 at 14:00:55","37.1416","-8.54618"
"518","00:fc:8d:bf:0f:68","ter","NOS-0F60","0","18-07-2017 at 14:00:55","37.1416","-8.54618"
"519","e0:b9:e5:ad:bc:93","ter","MEO-ADBC93","0","18-07-2017 at 14:00:55","37.1416","-8.54618"
"520","d8:fb:5e:02:f7:4d","ter","Cabovisao-0C81","0","18-07-2017 at 14:00:55","37.1416","-8.54618"
"521","a8:4e:3f:2a:b2:c8","ter","NOS-B2C0","0","18-07-2017 at 14:00:55","37.1416","-8.54618"
"522","5c:0a:5b:34:32:41","ter","AndroidAP","0","18-07-2017 at 14:00:55","37.1416","-8.54618"
"523","e0:b9:e5:53:40:9b","ter","MEO-53409B","0","18-07-2017 at 14:00:55","37.1416","-8.54618"
"524","84:94:8c:65:7e:79","ter","NOS_WIFI_Fon","0","18-07-2017 at 14:00:55","37.1416","-8.54618"
"525","e2:b9:e5:ad:bc:94","ter","MEO-WiFi","0","18-07-2017 at 14:00:55","37.1416","-8.54618"
"526","f0:f2:49:ca:2a:e9","ter","FON_ZON_FREE_INTERNET","0","18-07-2017 at 14:00:55","37.1416","-8.54618"
"527","e4:8d:8c:f8:06:37","ter","MIRACHOROHOTEIS","0","18-07-2017 at 14:00:55","37.1416","-8.54618"
"528","84:94:8c:04:f1:e9","ter","NOS_WIFI_Fon","1","18-07-2017 at 14:01:39","37.134","-8.54522"
"529","84:94:8c:04:f1:e8","ter","ZON-F1E0","0","18-07-2017 at 14:01:39","37.134","-8.54522"
"530","f4:f2:6d:31:84:e8","ter","LUSYA VETA","0","18-07-2017 at 14:01:39","37.134","-8.54522"
"531","44:d9:e7:fa:96:3b","ter","Code","0","18-07-2017 at 14:01:17","37.1333","-8.54519"
"532","98:fc:11:ab:58:8a","ter","OptAmparoContinente","0","18-07-2017 at 14:01:39","37.134","-8.54522"
"533","00:05:ca:d7:39:58","ter","ZON-3950","0","18-07-2017 at 14:02:03","37.1357","-8.54445"
"534","a4:b1:e9:78:fa:cb","ter","PousAki","0","18-07-2017 at 14:02:27","37.1361","-8.54278"
"535","f0:f2:49:99:67:18","ter","NOS-6710","0","18-07-2017 at 14:02:03","37.1357","-8.54445"
"536","9c:97:26:a1:03:f7","ter","MEO-A103F7","0","18-07-2017 at 14:02:27","37.1361","-8.54278"
"537","f0:f2:49:99:f2:f8","ter","NOS-F2F0","0","18-07-2017 at 14:02:04","37.1357","-8.54445"
"538","58:98:35:bb:db:9d","ter","MEO-BBDB9D","0","18-07-2017 at 14:02:27","37.1361","-8.54278"
"539","60:e3:27:5a:ae:7c","ter","NOS-B5D0","0","18-07-2017 at 14:02:27","37.1361","-8.54278"
"540","98:de:d0:c0:9f:ee","ter","MEO-BA3579","0","18-07-2017 at 14:02:04","37.1357","-8.54445"
"541","e8:94:f6:f5:3b:94","ter","TP-LINK_F53B94","0","18-07-2017 at 14:02:04","37.1357","-8.54445"
"542","f0:f2:49:c9:0f:f8","ter","NOS-0FF0","0","18-07-2017 at 14:02:04","37.1357","-8.54445"
"543","00:05:ca:d7:39:59","ter","NOS_WIFI_Fon","0","18-07-2017 at 14:02:04","37.1357","-8.54445"
"544","84:94:8c:10:2a:09","ter","NOS_WIFI_Fon","0","18-07-2017 at 14:02:04","37.1357","-8.54445"
"545","f0:f2:49:99:67:19","ter","NOS_WIFI_Fon","0","18-07-2017 at 14:02:04","37.1357","-8.54445"
"546","f0:f2:49:99:f2:f9","ter","NOS_WIFI_Fon","0","18-07-2017 at 14:02:04","37.1357","-8.54445"
"547","5a:98:35:bb:db:9e","ter","MEO-WiFi","0","18-07-2017 at 14:02:27","37.1361","-8.54278"
"548","f0:f2:49:c9:0f:f9","ter","NOS_WIFI_Fon","0","18-07-2017 at 14:02:04","37.1357","-8.54445"
"549","84:94:8c:a5:51:88","ter","NOS-5180","0","18-07-2017 at 14:02:27","37.1361","-8.54278"
"550","50:c7:bf:37:b4:82","ter","TP-LINK_B482","0","18-07-2017 at 14:02:27","37.1361","-8.54278"
"551","00:24:17:9f:93:5a","ter","Thomson890C29","0","18-07-2017 at 14:02:27","37.1361","-8.54278"
"552","30:91:8f:00:80:1b","ter","Vodafone-00801B","0","18-07-2017 at 14:02:28","37.1361","-8.54278"
"553","00:05:ca:79:46:79","ter","NOS_WIFI_Fon","0","18-07-2017 at 14:02:28","37.1361","-8.54278"
"554","02:24:17:9f:93:5b","ter","MEO-WiFi","0","18-07-2017 at 14:02:28","37.1361","-8.54278"
"555","c2:d9:62:04:a5:1c","ter","MEO-WiFi","0","18-07-2017 at 14:02:28","37.1361","-8.54278"
"556","64:66:b3:fa:27:12","ter","andrade","0","18-07-2017 at 14:02:28","37.1361","-8.54278"
"557","e8:94:f6:b9:4c:80","ter","XL MASTER REPRESENTA","0","18-07-2017 at 14:02:28","37.1361","-8.54278"
"558","54:25:ea:78:1a:fa","ter","HUAWEI-B310-1AFA","0","18-07-2017 at 14:02:51","37.1354","-8.54135"
"559","30:91:8f:50:c1:24","ter","MEO-50C124","0","18-07-2017 at 14:04:00","37.1365","-8.54076"
"560","a4:b1:e9:4b:9c:15","ter","Vodafone-4B9C15","0","18-07-2017 at 14:05:40","37.1367","-8.53921"
"561","68:b6:fc:5a:29:38","ter","ZON-2930","0","18-07-2017 at 17:43:45","37.1358","-8.53829"
"562","f0:f2:49:4d:a0:a9","ter","NOS_WIFI_Fon","0","18-07-2017 at 14:06:28","37.1365","-8.53864"
"563","8e:79:67:a6:0f:02","ter","bolota","0","18-07-2017 at 14:06:54","37.1366","-8.53839"
"564","84:94:8c:f0:7d:68","ter","TUNEL2","0","18-07-2017 at 14:06:54","37.1366","-8.53839"
"565","fa:8f:ca:5d:69:c6","ter","Unknown","0","18-07-2017 at 14:06:54","37.1366","-8.53839"
"566","84:94:8c:67:cd:29","ter","NOS_WIFI_Fon","0","18-07-2017 at 14:06:54","37.1366","-8.53839"
"567","00:26:5b:48:be:08","ter","Pastelaria Riviera","0","18-07-2017 at 14:07:21","37.1366","-8.53862"
"568","00:26:5b:48:be:09","ter","NOS_WIFI_Fon","0","18-07-2017 at 14:07:21","37.1366","-8.53862"
"569","02:27:22:55:40:62","ter","CMP Publico","0","18-07-2017 at 14:07:48","37.1366","-8.53862"
"570","36:69:87:8c:8f:c3","ter","MEO-8C8FC3","0","18-07-2017 at 14:09:57","37.1416","-8.54618"
"571","a4:71:74:38:27:72","ter","MEO-382772","0","18-07-2017 at 14:24:02","37.1416","-8.54618"
"572","f8:23:b2:7b:53:f4","ter","Me","0","18-07-2017 at 17:34:37","37.1366","-8.53726"
"573","3e:fa:43:3f:10:39","ter","HUAWEI_CUN-L21_0BAC","0","18-07-2017 at 15:09:29","37.1366","-8.53726"
"574","e4:8d:8c:49:b9:09","ter","WiFi TRANSOL 123","0","18-07-2017 at 15:46:14","37.1366","-8.53726"
"575","d2:5b:a8:ca:80:85","ter","MEO-CA8085","0","18-07-2017 at 16:22:38","37.1366","-8.53726"
"576","00:1a:dd:2f:0f:0c","ter","PEPWAVE_926C","0","18-07-2017 at 17:44:31","37.1358","-8.53829"
"577","f0:ab:54:64:c4:c7","ter","WiFi Hotspot 3155","0","18-07-2017 at 17:39:34","37.1366","-8.53726"
"578","f2:9f:c2:b5:64:8e","ter","AudicaoActiva IN","0","18-07-2017 at 17:44:08","37.1358","-8.53829"
"579","00:1d:1c:f3:ef:0c","ter","Vodafone-003665","0","18-07-2017 at 17:43:18","37.1358","-8.53829"
"580","00:05:ca:e7:6a:08","ter","ZON-6A00","0","18-07-2017 at 17:43:44","37.1358","-8.53829"
"581","58:98:35:b8:fa:03","ter","MEO-B8FA03","0","18-07-2017 at 17:43:44","37.1358","-8.53829"
"582","02:9f:c2:b5:64:8e","ter","AA_Guest","0","18-07-2017 at 17:44:31","37.1358","-8.53829"
"583","c4:6e:1f:a2:47:20","ter","Pipoca-wireless ","0","18-07-2017 at 17:43:44","37.1358","-8.53829"
"584","00:05:ca:e7:6a:09","ter","NOS_WIFI_Fon","0","18-07-2017 at 17:43:45","37.1358","-8.53829"
"585","68:b6:fc:5a:29:39","ter","NOS_WIFI_Fon","0","18-07-2017 at 17:43:45","37.1358","-8.53829"
"586","bc:14:01:a5:da:88","ter","ZON-DA80","0","18-07-2017 at 17:44:59","37.1358","-8.53829"
"587","30:91:8f:92:70:d1","ter","MEO-9270D1","0","18-07-2017 at 17:45:46","37.1364","-8.53932"
"588","32:91:8f:92:70:d2","ter","MEO-WiFi","0","18-07-2017 at 17:45:46","37.1364","-8.53932"
"589","00:05:ca:8c:4a:98","ter","ZON","0","18-07-2017 at 17:46:33","37.1364","-8.53932"
"590","f0:f2:49:97:c0:28","ter","NOS-C020","0","18-07-2017 at 17:46:33","37.1364","-8.53932"
"591","9e:97:26:69:7a:f8","ter","MEO-WiFi","0","18-07-2017 at 17:46:34","37.1364","-8.53932"
"592","f0:f2:49:97:c0:29","ter","NOS_WIFI_Fon","0","18-07-2017 at 17:46:34","37.1364","-8.53932"
"593","7c:03:4c:ff:10:0b","ter","Cabovisao-4008","0","18-07-2017 at 17:46:34","37.1364","-8.53932"
"594","00:05:ca:cb:be:38","ter","Cervej Portimonense","0","18-07-2017 at 17:46:34","37.1364","-8.53932"
"595","00:05:ca:cb:be:39","ter","NOS_WIFI_Fon","0","18-07-2017 at 17:46:34","37.1364","-8.53932"
"596","b8:08:d7:9b:d8:c0","ter","VodafoneMobileWiFi-D8C043","0","18-07-2017 at 17:47:24","37.1341","-8.53932"
"597","bc:14:01:af:db:e8","ter","ZON-DBE0","0","18-07-2017 at 17:49:02","37.1351","-8.54"
"598","0c:47:3d:0d:7a:88","ter","ZON-7A80","0","18-07-2017 at 17:48:38","37.1341","-8.53932"
"599","bc:14:01:af:db:e9","ter","NOS_WIFI_Fon","0","18-07-2017 at 17:49:02","37.1351","-8.54"
"600","00:05:ca:84:a2:78","ter","ZON-40F0","0","18-07-2017 at 17:49:03","37.1351","-8.54"
"601","a4:b1:e9:9f:fa:0e","ter","Piny","0","18-07-2017 at 17:49:03","37.1351","-8.54"
"602","00:05:ca:79:46:78","ter","ZON-4670","0","18-07-2017 at 17:49:03","37.1351","-8.54"
"603","00:05:ca:84:a2:79","ter","NOS_WIFI_Fon","0","18-07-2017 at 17:49:03","37.1351","-8.54"
"604","a6:b1:e9:9f:fa:0f","ter","MEO-WiFi","0","18-07-2017 at 17:49:03","37.1351","-8.54"
"605","e2:b9:e5:b5:d8:7a","ter","MEO-WiFi","0","18-07-2017 at 17:49:03","37.1351","-8.54"
"606","00:05:ca:6a:6e:d8","ter","Varela","0","18-07-2017 at 17:49:03","37.1351","-8.54"
"607","68:b6:fc:ea:8c:58","ter","ZON-8C50","0","18-07-2017 at 17:49:03","37.1351","-8.54"
"608","68:b6:fc:ea:8c:59","ter","NOS_WIFI_Fon","0","18-07-2017 at 17:49:03","37.1351","-8.54"
"609","84:94:8c:7d:71:b9","ter","NOS_WIFI_Fon","0","18-07-2017 at 17:49:57","37.1385","-8.54245"
"610","00:05:ca:bf:1c:38","ter","ZON-1C30","0","18-07-2017 at 17:49:57","37.1385","-8.54245"
"611","64:77:7d:2b:34:18","ter","NOS-3410","0","18-07-2017 at 17:49:57","37.1385","-8.54245"
"612","1c:ab:c0:1f:f5:f8","ter","RuiMarques","0","18-07-2017 at 17:49:57","37.1385","-8.54245"
"613","00:8c:54:a8:71:b2","ter","ADSLPT-AB48021","0","18-07-2017 at 17:49:57","37.1385","-8.54245"
"614","00:05:ca:bf:1c:39","ter","NOS_WIFI_Fon","0","18-07-2017 at 17:49:57","37.1385","-8.54245"
"615","fa:8f:ca:3d:93:7c","ter","Unknown","0","18-07-2017 at 17:49:57","37.1385","-8.54245"
"616","64:77:7d:2b:34:19","ter","NOS_WIFI_Fon","0","18-07-2017 at 17:49:57","37.1385","-8.54245"
"617","1c:ab:c0:1f:f5:f9","ter","NOS_WIFI_Fon","0","18-07-2017 at 17:49:58","37.1385","-8.54245"
"618","68:b6:fc:b0:4e:89","ter","NOS_WIFI_Fon","0","18-07-2017 at 17:49:58","37.1385","-8.54245"
"619","00:26:5b:26:e0:98","ter","Internacional","0","18-07-2017 at 17:50:27","37.1393","-8.54264"
"620","e0:ca:94:b0:df:c2","ter","Cabovisao-DFBC","0","18-07-2017 at 17:50:27","37.1393","-8.54264"
"621","b4:b5:2f:1a:e8:8e","ter","HP-Print-8E-Officejet 6700","0","18-07-2017 at 17:50:27","37.1393","-8.54264"
"622","00:26:5b:26:e0:99","ter","NOS_WIFI_Fon","0","18-07-2017 at 17:50:27","37.1393","-8.54264"
"623","a0:1d:48:9a:2f:c1","ter","HP-Print-C1-Photosmart 5520","0","18-07-2017 at 17:50:27","37.1393","-8.54264"
"624","84:94:8c:05:e2:a8","ter","ZON-E2A0","0","18-07-2017 at 18:23:26","37.1414","-8.54338"
"625","bc:14:01:ab:a6:18","ter","T-Rede","0","18-07-2017 at 17:51:26","37.1414","-8.54332"
"626","f0:f2:49:c4:bb:98","ter","NOS-BB90","0","18-07-2017 at 17:51:26","37.1414","-8.54332"
"627","00:fc:8d:bc:41:38","ter","NOS-4130","0","18-07-2017 at 17:51:26","37.1414","-8.54332"
"628","6e:8b:2f:fa:00:d4","ter","Patricio","0","18-07-2017 at 17:51:26","37.1414","-8.54332"
"629","00:05:ca:d0:f1:d8","ter","ZON-F1D0","0","18-07-2017 at 17:51:26","37.1414","-8.54332"
"630","bc:14:01:ab:a6:19","ter","NOS_WIFI_Fon","0","18-07-2017 at 17:51:26","37.1414","-8.54332"
"631","f0:f2:49:c4:bb:99","ter","NOS_WIFI_Fon","0","18-07-2017 at 17:51:26","37.1414","-8.54332"
"632","00:fc:8d:bc:41:39","ter","NOS_WIFI_Fon","0","18-07-2017 at 17:51:26","37.1414","-8.54332"
"633","1c:ab:c0:de:bc:d8","ter","NOS-BCD0","0","18-07-2017 at 17:51:56","37.143","-8.54251"
"634","a8:a6:68:22:cf:ce","ter","MEO Pitchoca M","0","18-07-2017 at 17:51:56","37.143","-8.54251"
"635","a4:5d:a1:93:f0:69","ter","MEO-93F069","0","18-07-2017 at 17:51:56","37.143","-8.54251"
"636","9c:97:26:e9:28:03","ter","Os 3 Mosqueteiros","0","18-07-2017 at 17:51:56","37.143","-8.54251"
"637","1c:ab:c0:de:bc:d9","ter","NOS_WIFI_Fon","0","18-07-2017 at 17:51:56","37.143","-8.54251"
"638","9e:97:26:e9:28:04","ter","MEO-WiFi","0","18-07-2017 at 17:51:56","37.143","-8.54251"
"639","00:fc:8d:d1:63:a8","ter","NOS-63A0","0","18-07-2017 at 17:51:56","37.143","-8.54251"
"640","a4:b1:e9:ea:ba:02","ter","reginfante","0","18-07-2017 at 17:51:56","37.143","-8.54251"
"641","00:fc:8d:d1:63:a9","ter","NOS_WIFI_Fon","0","18-07-2017 at 17:51:56","37.143","-8.54251"
"642","a6:b1:e9:ea:ba:03","ter","MEO-WiFi","0","18-07-2017 at 17:51:56","37.143","-8.54251"
"643","e0:b9:e5:d5:e4:41","ter","MEO-D5E441","0","18-07-2017 at 17:51:56","37.143","-8.54251"
"644","c4:ea:1d:19:2a:87","ter","IMOBARLAVENTO","0","18-07-2017 at 17:51:56","37.143","-8.54251"
"645","c4:ea:1d:16:5f:21","ter","MEO-165F21","0","18-07-2017 at 17:51:56","37.143","-8.54251"
"646","30:74:96:ac:1a:c7","ter","HUAWEI-B310-1AC7","0","18-07-2017 at 17:51:56","37.143","-8.54251"
"647","54:67:51:a5:82:27","ter","NOWO-58222","0","18-07-2017 at 17:51:56","37.143","-8.54251"
"648","e2:b9:e5:d5:e4:42","ter","MEO-WiFi","0","18-07-2017 at 17:51:56","37.143","-8.54251"
"649","c6:ea:1d:16:5f:22","ter","MEO-WiFi","0","18-07-2017 at 17:51:56","37.143","-8.54251"
"650","2c:9d:1e:bf:4f:20","ter","Vodafone-BF4F17","0","18-07-2017 at 18:20:57","37.1439","-8.54028"
"651","00:0f:34:1b:ac:61","ter","MEO-WiFi.x","0","18-07-2017 at 18:20:57","37.1439","-8.54028"
"652","00:0f:34:1b:ac:62","ter","","0","18-07-2017 at 18:20:27","37.144","-8.54023"
"653","00:0f:34:1b:ac:60","ter","MEO-WiFi-Premium","0","18-07-2017 at 18:20:57","37.1439","-8.54028"
"654","a8:4e:3f:2c:76:18","ter","NOS-7610","0","18-07-2017 at 18:18:29","37.144","-8.54023"
"655","ac:22:0b:99:c7:bc","ter","Home Wi-Fi","0","18-07-2017 at 18:20:27","37.144","-8.54023"
"656","fe:04:1f:de:fd:e2","ter","portthru","0","18-07-2017 at 17:53:25","37.1439","-8.54024"
"657","84:94:8c:f4:02:89","ter","NOS_WIFI_Fon","0","18-07-2017 at 18:17:02","37.1439","-8.54011"
"658","84:94:8c:f4:02:88","ter","NOS-0280","0","18-07-2017 at 18:17:02","37.1439","-8.54011"
"659","1c:ab:c0:f8:f0:78","ter","NOS-F070","0","18-07-2017 at 18:21:28","37.1435","-8.53975"
"660","9c:97:26:8e:7e:51","ter","Snack_Bar_Dois_Irmaos","0","18-07-2017 at 18:17:02","37.1439","-8.54011"
"661","54:25:ea:01:dc:8c","ter","NOS_Internet_DC8C","0","18-07-2017 at 18:18:02","37.144","-8.54023"
"662","84:94:8c:63:ac:f8","ter","ZON-ACF0","0","18-07-2017 at 17:58:19","37.1439","-8.54028"
"663","84:94:8c:63:ac:f9","ter","NOS_WIFI_Fon","0","18-07-2017 at 17:58:19","37.1439","-8.54028"
"664","60:e7:01:8c:ea:3d","ter","MEO-8CEA3D","0","18-07-2017 at 18:00:48","37.1439","-8.54028"
"665","58:98:35:8f:39:bf","ter","MEO-8F39BF","0","18-07-2017 at 18:13:06","37.1439","-8.54023"
"666","a8:4e:3f:2c:76:19","ter","NOS_WIFI_Fon","0","18-07-2017 at 18:18:29","37.144","-8.54023"
"667","1c:ab:c0:f8:f0:79","ter","NOS_WIFI_Fon","0","18-07-2017 at 18:21:28","37.1435","-8.53975"
"668","a8:a1:98:56:81:04","ter","NOS_Internet_Movel_8104","0","18-07-2017 at 18:03:46","37.1439","-8.54028"
"669","f0:ab:54:62:68:7e","ter","WiFi Hotspot 6938","0","18-07-2017 at 18:04:45","37.1439","-8.54028"
"670","dc:53:7c:bd:c5:42","ter","Piedade","0","18-07-2017 at 18:19:28","37.144","-8.54023"
"671","a0:ec:80:f1:67:32","ter","Portiservicos","0","18-07-2017 at 18:08:40","37.144","-8.54026"
"672","a8:9f:ba:ce:ae:8b","ter","AndroidAP","0","18-07-2017 at 18:09:39","37.144","-8.54026"
"673","0a:18:d6:cf:18:04","ter","CLCC","0","18-07-2017 at 18:17:32","37.144","-8.54023"
"674","c4:6e:1f:40:4b:4d","ter","ZON-62E0","0","18-07-2017 at 18:21:28","37.1435","-8.53975"
"675","00:1f:9f:7c:80:4b","ter","Nunes102012","0","18-07-2017 at 18:21:28","37.1435","-8.53975"
"676","bc:14:01:05:62:e9","ter","NOS_WIFI_Fon","0","18-07-2017 at 18:21:28","37.1435","-8.53975"
"677","4c:f9:5d:8a:22:78","ter","Snack Bar Arade","0","18-07-2017 at 18:21:28","37.1435","-8.53975"
"678","a8:4e:3f:2f:cb:98","ter","NOS-CB90","0","18-07-2017 at 18:21:28","37.1435","-8.53975"
"679","2c:9d:1e:bf:2c:20","ter","Vodafone-BF2C18","0","18-07-2017 at 18:21:28","37.1435","-8.53975"
"680","a8:4e:3f:2f:cb:99","ter","NOS_WIFI_Fon","0","18-07-2017 at 18:21:28","37.1435","-8.53975"
"681","38:4c:4f:4f:de:00","ter","Vodafone-4FDDFA","0","18-07-2017 at 18:21:58","37.1417","-8.53966"
"682","f0:f2:49:94:06:c8","ter","NOS-06C0","0","18-07-2017 at 18:21:58","37.1417","-8.53966"
"683","58:98:35:ba:b8:fb","ter","Fortunata","0","18-07-2017 at 18:21:58","37.1417","-8.53966"
"684","bc:14:01:1d:d9:c8","ter","ZON-D9C0","0","18-07-2017 at 18:21:58","37.1417","-8.53966"
"685","b0:89:00:a5:97:84","ter","NOS-Internet-Movel-9784","0","18-07-2017 at 18:21:58","37.1417","-8.53966"
"686","f0:84:2f:79:f6:72","ter","ADSLPT-AB51189","0","18-07-2017 at 18:21:58","37.1417","-8.53966"
"687","f0:f2:49:94:06:c9","ter","NOS_WIFI_Fon","0","18-07-2017 at 18:21:58","37.1417","-8.53966"
"688","bc:14:01:1d:d9:c9","ter","NOS_WIFI_Fon","0","18-07-2017 at 18:21:58","37.1417","-8.53966"
"689","fc:15:b4:aa:ca:e1","ter","HP-Print-E1-Officejet Pro 8610","0","18-07-2017 at 18:22:28","37.141","-8.54051"
"690","00:26:5b:30:e7:68","ter","ZON-E760","0","18-07-2017 at 18:22:28","37.141","-8.54051"
"691","9c:97:26:0e:a1:9a","ter","MEO-0EA19A","0","18-07-2017 at 18:22:28","37.141","-8.54051"
"692","3c:47:11:4f:51:40","ter","WiFi_5140","0","18-07-2017 at 18:22:28","37.141","-8.54051"
"693","30:91:8f:3f:2f:db","ter","Office","0","18-07-2017 at 18:22:28","37.141","-8.54051"
"694","00:26:5b:30:e7:69","ter","NOS_WIFI_Fon","0","18-07-2017 at 18:22:28","37.141","-8.54051"
"695","06:18:d6:9b:72:ea","ter","CMOPC","0","18-07-2017 at 18:22:57","37.1411","-8.54242"
"696","26:18:d6:9b:72:ea","ter","CMP User","0","18-07-2017 at 18:22:57","37.1411","-8.54242"
"697","9c:97:26:7c:37:8b","ter","LETICIA","0","18-07-2017 at 18:23:26","37.1414","-8.54338"
"698","00:05:ca:92:94:78","ter","ZON-9470","0","18-07-2017 at 18:23:26","37.1414","-8.54338"
"699","9e:97:26:7c:37:8c","ter","MEO-WiFi","0","18-07-2017 at 18:23:26","37.1414","-8.54338"
"700","00:05:ca:c4:c4:18","ter","ZON-C410","0","18-07-2017 at 18:23:26","37.1414","-8.54338"
"701","c0:ac:54:f9:18:e4","ter","Cantinho do fojo","0","18-07-2017 at 18:23:26","37.1414","-8.54338"
"702","50:c7:bf:41:e4:36","ter","Henrique-Kamila","0","18-07-2017 at 18:23:26","37.1414","-8.54338"
"703","e0:b9:e5:ae:1d:19","ter","MEO-AE1D19","0","18-07-2017 at 18:23:26","37.1414","-8.54338"
"704","00:05:ca:c4:c4:19","ter","NOS_WIFI_Fon","0","18-07-2017 at 18:23:26","37.1414","-8.54338"
"705","84:94:8c:7c:6b:b9","ter","NOS_WIFI_Fon","0","18-07-2017 at 18:23:26","37.1414","-8.54338"
"706","e2:b9:e5:ae:1d:1a","ter","MEO-WiFi","0","18-07-2017 at 18:23:26","37.1414","-8.54338"
"707","f0:f2:49:cb:38:d8","ter","NOS-38D0","0","18-07-2017 at 18:23:57","37.1419","-8.54428"
"708","84:94:8c:7d:c9:28","ter","LDC_PORTIMAO","0","18-07-2017 at 18:23:57","37.1419","-8.54428"
"709","00:1e:e5:84:6c:49","ter","linksys","0","18-07-2017 at 18:23:57","37.1419","-8.54428"
"710","9c:97:26:d7:c1:af","ter","MEO-D7C1AF","0","18-07-2017 at 18:23:57","37.1419","-8.54428"
"711","00:05:ca:8d:50:28","ter","ZON-5020","0","18-07-2017 at 18:23:57","37.1419","-8.54428"
"712","f0:f2:49:cb:38:d9","ter","NOS_WIFI_Fon","0","18-07-2017 at 18:23:57","37.1419","-8.54428"
"713","84:94:8c:7d:c9:29","ter","NOS_WIFI_Fon","0","18-07-2017 at 18:23:57","37.1419","-8.54428"
"714","9e:97:26:d7:c1:b0","ter","MEO-WiFi","0","18-07-2017 at 18:23:57","37.1419","-8.54428"
"715","00:05:ca:8d:50:29","ter","NOS_WIFI_Fon","0","18-07-2017 at 18:23:57","37.1419","-8.54428"
"716","f0:f2:49:11:79:09","ter","NOS_WIFI_Fon","0","18-07-2017 at 18:40:05","37.1427","-8.54512"
"717","b8:62:1f:53:9c:f1","ter","Unknown","0","18-07-2017 at 18:24:57","37.149","-8.54014"
"718","9c:97:26:8a:6a:85","ter","MEO-8A6A85","0","18-07-2017 at 18:27:52","37.1533","-8.55108"
"719","56:2a:a2:a2:70:e4","ter","adsa","0","18-07-2017 at 18:27:52","37.1533","-8.55108"
"720","9c:97:26:13:00:16","ter","TELEPAC-130016","0","18-07-2017 at 18:28:20","37.1543","-8.5528"
"721","14:cc:20:f0:e9:1c","ter","TELEPAC-130016","0","18-07-2017 at 18:28:20","37.1543","-8.5528"
"722","58:98:35:bb:c7:77","ter","RODRIGUES","0","18-07-2017 at 18:33:14","37.1548","-8.55292"
"723","c0:38:96:22:20:00","ter","HP-Print-00-LaserJet 1102","0","18-07-2017 at 18:33:14","37.1548","-8.55292"
"724","54:25:ea:01:dc:05","ter","NOS_Internet_DC05","0","18-07-2017 at 18:34:12","37.1527","-8.54977"
"725","84:94:8c:0d:f1:48","ter","ZON-F140","0","18-07-2017 at 18:35:10","37.1511","-8.54086"
"726","d8:fb:5e:02:f9:76","ter","Cabovisao-3B91","0","18-07-2017 at 18:35:10","37.1511","-8.54086"
"727","84:94:8c:0d:f1:49","ter","NOS_WIFI_Fon","0","18-07-2017 at 18:35:10","37.1511","-8.54086"
"728","3c:47:11:50:db:af","ter","HUAWEI-E5172-DBAF","0","18-07-2017 at 18:35:10","37.1511","-8.54086"
"729","e8:74:e6:5a:83:52","ter","ADSLPT-AB95157","0","18-07-2017 at 18:35:39","37.1493","-8.54017"
"730","84:94:8c:68:47:48","ter","ZON-4740","0","18-07-2017 at 18:35:39","37.1493","-8.54017"
"731","30:91:8f:ec:77:85","ter","POOLCALOR","0","18-07-2017 at 18:36:08","37.1489","-8.54022"
"732","84:94:8c:68:47:49","ter","NOS_WIFI_Fon","0","18-07-2017 at 18:35:39","37.1493","-8.54017"
"733","9c:97:26:10:cc:96","ter","PNEUSARADE","0","18-07-2017 at 18:35:39","37.1493","-8.54017"
"734","da:3c:69:cf:b2:99","ter","RAINBOW","0","18-07-2017 at 18:38:07","37.1478","-8.54092"
"735","b0:5b:67:db:c3:41","ter","WiFi_C341","0","18-07-2017 at 18:37:38","37.148","-8.54069"
"736","bc:14:01:a8:63:b8","ter","ZON-63B0","0","18-07-2017 at 18:37:08","37.1481","-8.54058"
"737","30:91:8f:ba:3c:f7","ter","MEO-BA3CF7","0","18-07-2017 at 18:37:38","37.148","-8.54069"
"738","00:24:17:69:49:75","ter","ThomsonEC1E16","0","18-07-2017 at 18:37:38","37.148","-8.54069"
"739","bc:14:01:a8:63:b9","ter","NOS_WIFI_Fon","0","18-07-2017 at 18:37:08","37.1481","-8.54058"
"740","1c:ab:c0:da:d5:98","ter","NOS-D590","0","18-07-2017 at 18:38:07","37.1478","-8.54092"
"741","00:26:5b:27:3c:c8","ter","Portopedico","0","18-07-2017 at 18:37:08","37.1481","-8.54058"
"742","f0:f2:49:c6:30:c8","ter","NOS-30C0","0","18-07-2017 at 18:37:08","37.1481","-8.54058"
"743","58:98:35:7d:f1:cb","ter","MEO-7DF1CB","0","18-07-2017 at 18:38:07","37.1478","-8.54092"
"744","1c:ab:c0:da:d5:99","ter","NOS_WIFI_Fon","0","18-07-2017 at 18:37:38","37.148","-8.54069"
"745","00:26:5b:27:3c:c9","ter","NOS_WIFI_Fon","0","18-07-2017 at 18:37:08","37.1481","-8.54058"
"746","f0:f2:49:c6:30:c9","ter","NOS_WIFI_Fon","0","18-07-2017 at 18:37:08","37.1481","-8.54058"
"747","a4:b1:e9:a0:02:f0","ter","MEO-A002F0","0","18-07-2017 at 18:37:38","37.148","-8.54069"
"748","54:67:51:a6:f9:41","ter","NOWO-6F93C","0","18-07-2017 at 18:37:38","37.148","-8.54069"
"749","c4:6e:1f:bd:a7:7c","ter","NOWO-6F93C","0","18-07-2017 at 18:37:38","37.148","-8.54069"
"750","68:b6:fc:b0:22:58","ter","ZON-2251","0","18-07-2017 at 18:37:38","37.148","-8.54069"
"751","84:94:8c:06:72:c8","ter","ZON-72C0","0","18-07-2017 at 18:37:38","37.148","-8.54069"
"752","84:94:8c:07:e5:a8","ter","ZON-E5A0","0","18-07-2017 at 18:38:07","37.1478","-8.54092"
"753","a8:4e:3f:34:a3:68","ter","NOS-A360","0","18-07-2017 at 18:37:38","37.148","-8.54069"
"754","a8:4e:3f:34:a3:69","ter","NOS_WIFI_Fon","0","18-07-2017 at 18:38:07","37.1478","-8.54092"
"755","84:94:8c:07:e5:a9","ter","NOS_WIFI_Fon","0","18-07-2017 at 18:38:07","37.1478","-8.54092"
"756","68:b6:fc:b0:22:59","ter","NOS_WIFI_Fon","0","18-07-2017 at 18:37:38","37.148","-8.54069"
"757","e0:ce:c3:1a:b3:18","ter","Cabovisao-B312","0","18-07-2017 at 18:37:38","37.148","-8.54069"
"758","84:94:8c:f7:d5:e9","ter","NOS_WIFI_Fon","0","18-07-2017 at 18:37:38","37.148","-8.54069"
"759","84:94:8c:06:72:c9","ter","NOS_WIFI_Fon","0","18-07-2017 at 18:38:07","37.1478","-8.54092"
"760","64:77:7d:f2:4a:79","ter","NOS_WIFI_Fon","0","18-07-2017 at 18:37:38","37.148","-8.54069"
"761","c4:ea:1d:20:ba:91","ter","INFECTED ROUT","0","18-07-2017 at 18:38:37","37.1472","-8.54148"
"762","b0:89:00:a5:9f:0e","ter","NOS-Internet-Movel-9F0E","0","18-07-2017 at 18:37:38","37.148","-8.54069"
"763","00:fc:8d:d1:c2:a8","ter","NOS-C2A0","0","18-07-2017 at 18:38:07","37.1478","-8.54092"
"764","84:94:8c:7d:06:38","ter","ZON-0630","0","18-07-2017 at 18:38:07","37.1478","-8.54092"
"765","00:fc:8d:d1:c2:a9","ter","NOS_WIFI_Fon","0","18-07-2017 at 18:38:07","37.1478","-8.54092"
"766","84:94:8c:7d:06:39","ter","NOS_WIFI_Fon","0","18-07-2017 at 18:38:07","37.1478","-8.54092"
"767","30:91:8f:00:a0:e7","ter","Vodafone-00A0E7","0","18-07-2017 at 18:38:07","37.1478","-8.54092"
"768","9c:97:26:a1:03:f5","ter","MEO-A103F5","0","18-07-2017 at 18:38:07","37.1478","-8.54092"
"769","4c:4e:03:46:17:b3","ter","MEO-4617B3","0","18-07-2017 at 18:38:07","37.1478","-8.54092"
"770","00:fc:8d:6a:27:28","ter","NOS-2720","0","18-07-2017 at 18:38:07","37.1478","-8.54092"
"771","a8:4e:3f:2b:db:68","ter","NOS-DB60","0","18-07-2017 at 18:38:07","37.1478","-8.54092"
"772","00:fc:8d:6a:27:29","ter","NOS_WIFI_Fon","0","18-07-2017 at 18:38:07","37.1478","-8.54092"
"773","a8:4e:3f:2b:db:69","ter","NOS_WIFI_Fon","0","18-07-2017 at 18:38:07","37.1478","-8.54092"
"774","a2:20:a6:1c:4b:d8","ter","NOS_WIFI_Fon","0","18-07-2017 at 18:38:07","37.1478","-8.54092"
"775","30:b5:c2:54:a3:3e","ter","NERO","0","18-07-2017 at 18:38:37","37.1472","-8.54148"
"776","f0:f2:49:d7:dd:b8","ter","NOS-DDB0","0","18-07-2017 at 18:38:37","37.1472","-8.54148"
"777","84:94:8c:a7:af:d8","ter","NOS-AFD0","0","18-07-2017 at 18:38:37","37.1472","-8.54148"
"778","a4:b1:e9:da:a1:3f","ter","FamiliaMonteiro","0","18-07-2017 at 18:38:37","37.1472","-8.54148"
"779","60:e3:27:f0:1a:23","ter","NOS-B5D0","0","18-07-2017 at 18:38:37","37.1472","-8.54148"
"780","f0:f2:49:d7:dd:b9","ter","NOS_WIFI_Fon","0","18-07-2017 at 18:38:37","37.1472","-8.54148"
"781","84:94:8c:a7:af:d9","ter","NOS_WIFI_Fon","0","18-07-2017 at 18:38:37","37.1472","-8.54148"
"782","00:05:ca:af:1d:98","ter","ZON-1D90","0","18-07-2017 at 18:38:37","37.1472","-8.54148"
"783","00:05:ca:af:1d:99","ter","NOS_WIFI_Fon","0","18-07-2017 at 18:38:37","37.1472","-8.54148"
"784","4c:f9:5d:da:1b:40","ter","Vodafone-DA1B3A","0","18-07-2017 at 18:40:05","37.1427","-8.54512"
"785","a8:4e:3f:33:e5:48","ter","NOS-E540","0","18-07-2017 at 18:39:35","37.1428","-8.54519"
"786","f0:f2:49:4b:81:08","ter","P0103","0","18-07-2017 at 18:40:05","37.1427","-8.54512"
"787","10:13:31:1a:85:9f","ter","MEO-1A859F","0","18-07-2017 at 18:39:35","37.1428","-8.54519"
"788","30:91:8f:ef:b5:8b","ter","MEO-EFB58B","0","18-07-2017 at 18:40:05","37.1427","-8.54512"
"789","00:fc:8d:6d:3e:c8","ter","lote27","0","18-07-2017 at 18:39:35","37.1428","-8.54519"
"790","c4:ea:1d:50:95:55","ter","MEO-509555","0","18-07-2017 at 18:39:35","37.1428","-8.54519"
"791","a8:4e:3f:33:e5:49","ter","NOS_WIFI_Fon","0","18-07-2017 at 18:39:35","37.1428","-8.54519"
"792","00:fc:8d:6d:3e:c9","ter","NOS_WIFI_Fon","0","18-07-2017 at 18:39:35","37.1428","-8.54519"
"793","32:91:8f:ef:b5:8c","ter","MEO-WiFi","0","18-07-2017 at 18:40:05","37.1427","-8.54512"
"794","c6:ea:1d:50:95:56","ter","MEO-WiFi","0","18-07-2017 at 18:39:35","37.1428","-8.54519"
"795","c4:ea:1d:50:1f:ef","ter","MEO-501FEF","0","18-07-2017 at 18:40:05","37.1427","-8.54512"
"796","fc:2d:5e:4d:88:2a","ter","VodafoneMobileWiFi-4D882A","0","18-07-2017 at 18:40:05","37.1427","-8.54512"
"797","c6:ea:1d:50:1f:f0","ter","MEO-WiFi","0","18-07-2017 at 18:40:05","37.1427","-8.54512"
"798","58:98:35:8e:85:dd","ter","LuisRaso2013","0","18-07-2017 at 18:39:35","37.1428","-8.54519"
"799","10:13:31:1b:3a:eb","ter","MEO-1B3AEB","0","18-07-2017 at 18:40:05","37.1427","-8.54512"
"800","12:13:31:1b:3a:ec","ter","MEO-WiFi","0","18-07-2017 at 18:40:05","37.1427","-8.54512"
"801","5a:98:35:8e:85:de","ter","MEO-WiFi","0","18-07-2017 at 18:39:35","37.1428","-8.54519"
"802","a4:b1:e9:f1:37:7e","ter","MEO-F1377E","0","18-07-2017 at 18:40:05","37.1427","-8.54512"
"803","a6:b1:e9:f1:37:7f","ter","MEO-WiFi","0","18-07-2017 at 18:40:05","37.1427","-8.54512"
"804","1c:ab:c0:cb:5a:58","ter","NOS-5A50","0","18-07-2017 at 18:40:05","37.1427","-8.54512"
"805","18:a6:f7:ff:47:22","ter","NOS-5A50","0","18-07-2017 at 18:40:05","37.1427","-8.54512"
"806","f0:f2:49:11:79:08","ter","NOS-7900","0","18-07-2017 at 18:40:05","37.1427","-8.54512"
"807","bc:14:01:8e:e0:c8","ter","ZON-E0C0","0","18-07-2017 at 18:40:05","37.1427","-8.54512"
"808","00:26:5b:26:e3:38","ter","ZON-E330","0","18-07-2017 at 18:40:05","37.1427","-8.54512"
"809","bc:14:01:8e:e0:c9","ter","NOS_WIFI_Fon","0","18-07-2017 at 18:40:05","37.1427","-8.54512"
"810","00:26:5b:26:e3:39","ter","NOS_WIFI_Fon","0","18-07-2017 at 18:40:05","37.1427","-8.54512"
"811","00:26:5b:21:5d:58","ter","ZON-5D50","0","18-07-2017 at 18:40:36","37.1433","-8.54564"
"812","e0:b9:e5:da:bf:61","ter","MEO-DABF61","0","18-07-2017 at 18:40:36","37.1433","-8.54564"
"813","9c:97:26:e3:c4:3d","ter","MEO-E3C43D","0","18-07-2017 at 18:40:36","37.1433","-8.54564"
"814","9c:97:26:4c:ea:6d","ter","MEO-4CEA6D","0","18-07-2017 at 18:40:36","37.1433","-8.54564"
"815","58:98:35:90:0d:13","ter","Sandra","0","18-07-2017 at 18:40:36","37.1433","-8.54564"
"816","e0:b9:e5:a8:b4:e7","ter","MEO-A8B4E7","0","18-07-2017 at 18:40:36","37.1433","-8.54564"
"817","e2:b9:e5:da:bf:62","ter","MEO-WiFi","0","18-07-2017 at 18:40:36","37.1433","-8.54564"
"818","9e:97:26:e3:c4:3e","ter","MEO-WiFi","0","18-07-2017 at 18:40:36","37.1433","-8.54564"
"819","9e:97:26:4c:ea:6e","ter","MEO-WiFi","0","18-07-2017 at 18:40:36","37.1433","-8.54564"
"820","e2:b9:e5:a8:b4:e8","ter","MEO-WiFi","0","18-07-2017 at 18:40:36","37.1433","-8.54564"
"821","5a:98:35:90:0d:14","ter","MEO-WiFi","0","18-07-2017 at 18:40:36","37.1433","-8.54564"
"822","30:91:8f:02:f9:2f","ter","Patresi","0","18-07-2017 at 18:40:36","37.1433","-8.54564"
"823","0c:47:3d:15:5a:f8","ter","ZON-5AF0","0","18-07-2017 at 18:40:36","37.1433","-8.54564"
"824","38:4c:4f:50:ae:48","ter","Vodafone-50AE42","0","18-07-2017 at 18:40:36","37.1433","-8.54564"
"825","f0:f2:49:50:11:08","ter","NOS-1100","0","18-07-2017 at 18:40:36","37.1433","-8.54564"
"826","00:26:5b:25:45:a8","ter","ZON-45A0","0","18-07-2017 at 18:40:36","37.1433","-8.54564"
"827","a4:b1:e9:d9:9a:a9","ter","MEO-D99AA9","0","18-07-2017 at 18:40:36","37.1433","-8.54564"
"828","00:26:5b:d1:ac:c8","ter","ZON-ACC0","0","18-07-2017 at 18:40:36","37.1433","-8.54564"
"829","a4:b1:e9:eb:16:1c","ter","NICOLOS","0","18-07-2017 at 18:40:36","37.1433","-8.54564"
"830","58:98:35:79:e5:9d","ter","MEO-Ventura","0","18-07-2017 at 18:40:36","37.1433","-8.54564"
"831","0c:47:3d:15:5a:f9","ter","NOS_WIFI_Fon","0","18-07-2017 at 18:40:36","37.1433","-8.54564"
"832","1c:ab:c0:f2:af:39","ter","NOS_WIFI_Fon","0","18-07-2017 at 18:40:36","37.1433","-8.54564"
"833","a6:b1:e9:eb:16:1d","ter","MEO-WiFi","0","18-07-2017 at 18:40:36","37.1433","-8.54564"
"834","a6:b1:e9:d9:9a:aa","ter","MEO-WiFi","0","18-07-2017 at 18:40:36","37.1433","-8.54564"
"835","00:26:5b:d1:ac:c9","ter","NOS_WIFI_Fon","0","18-07-2017 at 18:40:36","37.1433","-8.54564"
"836","00:26:5b:25:45:a9","ter","NOS_WIFI_Fon","0","18-07-2017 at 18:40:36","37.1433","-8.54564"
"837","30:91:8f:3d:f6:07","ter","MEO-3DF607","0","18-07-2017 at 18:41:07","37.1436","-8.54476"
"838","2c:9d:1e:d0:5d:34","ter","Vodafone-D05D2C","0","18-07-2017 at 18:41:07","37.1436","-8.54476"
"839","32:91:8f:3d:f6:08","ter","MEO-WiFi","0","18-07-2017 at 18:41:07","37.1436","-8.54476"
"840","c6:ea:1d:1e:89:18","ter","MEO-WiFi","0","18-07-2017 at 18:41:07","37.1436","-8.54476"
"841","24:bc:f8:5b:77:a8","ter","Vodafone-5B779F","0","18-07-2017 at 18:42:07","37.1433","-8.54509"
"842","9c:97:26:e8:ed:55","ter","MEO-E8ED55","0","18-07-2017 at 18:42:07","37.1433","-8.54509"
"843","00:05:ca:a1:eb:08","ter","ZON-EB00","0","18-07-2017 at 18:42:07","37.1433","-8.54509"
"844","c4:ea:1d:19:0d:c1","ter","MEO-190DC1","0","18-07-2017 at 18:42:07","37.1433","-8.54509"
"845","f0:b4:29:1b:d1:6c","ter","Lait","0","18-07-2017 at 18:42:07","37.1433","-8.54509"
"846","c6:ea:1d:19:0d:c2","ter","MEO-WiFi","0","18-07-2017 at 18:42:07","37.1433","-8.54509"
"847","00:e0:20:3a:fe:5c","ter","ZON-9DA0 Quarto","0","18-07-2017 at 18:45:20","37.1433","-8.54525"
"848","e0:b9:e5:b5:c1:f7","ter","MEO-B5C1F7","0","18-07-2017 at 21:09:44","37.1434","-8.54528"
"849","e2:b9:e5:b5:c1:f8","ter","MEO-WiFi","0","18-07-2017 at 21:09:44","37.1434","-8.54528"
"850","f0:f2:49:11:4d:f9","ter","NOS_WIFI_Fon","0","18-07-2017 at 18:46:21","37.1433","-8.54527"
"851","bc:14:01:a0:2f:28","ter","freitas","0","18-07-2017 at 21:05:43","37.1433","-8.54527"
"852","bc:14:01:a0:2f:29","ter","NOS_WIFI_Fon","0","18-07-2017 at 21:05:19","37.1434","-8.5452"
"853","a8:4e:3f:2c:57:98","ter","NOS-5790","0","18-07-2017 at 21:09:44","37.1434","-8.54528"
